"","site","block","level","diversity","transect","sample","treat","taxa","JulyCLA"
"1","a 1 2 D2 1","a",1,2,"D2",1,"rainout","mofi",192
"2","a 1 2 D2 2","a",1,2,"D2",2,"rainout","mofi",205
"3","a 1 2 D2 3","a",1,2,"D2",3,"rainout","mofi",173
"4","a 1 2 D2 4","a",1,2,"D2",4,"rainout","mofi",186
"5","a 1 2 D2 5","a",1,2,"D2",5,"rainout","mofi",141
"6","a 1 2 D2 1","a",1,2,"D2",1,"rainout","solidago",205
"7","a 1 2 D2 2","a",1,2,"D2",2,"rainout","solidago",255
"8","a 1 2 D2 3","a",1,2,"D2",3,"rainout","solidago",217
"9","a 1 2 D2 4","a",1,2,"D2",4,"rainout","solidago",275
"10","a 1 2 D2 5","a",1,2,"D2",5,"rainout","solidago",243
"11","a 1 2 D2 1","a",1,2,"D2",1,"rainout","sonu",509
"12","a 1 2 D2 2","a",1,2,"D2",2,"rainout","sonu",452
"13","a 1 2 D2 3","a",1,2,"D2",3,"rainout","sonu",300
"14","a 1 2 D2 4","a",1,2,"D2",4,"rainout","sonu",357
"15","a 1 2 D2 5","a",1,2,"D2",5,"rainout","sonu",338
"16","a 1 2 D2 1","a",1,2,"D2",1,"rainout","ange",375
"17","a 1 2 D2 2","a",1,2,"D2",2,"rainout","ange",452
"18","a 1 2 D2 3","a",1,2,"D2",3,"rainout","ange",319
"19","a 1 2 D2 4","a",1,2,"D2",4,"rainout","ange",325
"20","a 1 2 D2 5","a",1,2,"D2",5,"rainout","ange",382
"21","a 1 2 C1 1","a",1,2,"C1",1,"control","sonu",465
"22","a 1 2 C1 2","a",1,2,"C1",2,"control","sonu",433
"23","a 1 2 C1 3","a",1,2,"C1",3,"control","sonu",414
"24","a 1 2 C1 4","a",1,2,"C1",4,"control","sonu",376
"25","a 1 2 C1 5","a",1,2,"C1",5,"control","sonu",382
"26","a 1 2 C1 1","a",1,2,"C1",1,"control","mofi",179
"27","a 1 2 C1 2","a",1,2,"C1",2,"control","mofi",211
"28","a 1 2 C1 3","a",1,2,"C1",3,"control","mofi",186
"29","a 1 2 C1 4","a",1,2,"C1",4,"control","mofi",186
"30","a 1 2 C1 5","a",1,2,"C1",5,"control","mofi",173
"31","a 1 2 C1 1","a",1,2,"C1",1,"control","ange",382
"32","a 1 2 C1 2","a",1,2,"C1",2,"control","ange",408
"33","a 1 2 C1 3","a",1,2,"C1",3,"control","ange",363
"34","a 1 2 C1 4","a",1,2,"C1",4,"control","ange",376
"35","a 1 2 C1 5","a",1,2,"C1",5,"control","ange",370
"36","a 1 2 C1 1","a",1,2,"C1",1,"control","hemax",325
"37","a 1 2 C1 2","a",1,2,"C1",2,"control","hemax",319
"38","a 1 2 C1 3","a",1,2,"C1",3,"control","hemax",351
"39","a 1 2 C1 4","a",1,2,"C1",4,"control","hemax",344
"40","a 1 2 C1 5","a",1,2,"C1",5,"control","hemax",332
"41","a 1 2 C2 1","a",1,2,"C2",1,"control","pavi",452
"42","a 1 2 C2 2","a",1,2,"C2",2,"control","pavi",370
"43","a 1 2 C2 3","a",1,2,"C2",3,"control","pavi",332
"44","a 1 2 C2 4","a",1,2,"C2",4,"control","pavi",275
"45","a 1 2 C2 5","a",1,2,"C2",5,"control","pavi",433
"46","a 1 2 C2 1","a",1,2,"C2",1,"control","solidago",230
"47","a 1 2 C2 2","a",1,2,"C2",2,"control","solidago",198
"48","a 1 2 C2 3","a",1,2,"C2",3,"control","solidago",198
"49","a 1 2 C2 4","a",1,2,"C2",4,"control","solidago",167
"50","a 1 2 C2 5","a",1,2,"C2",5,"control","solidago",179
"51","a 1 2 C2 1","a",1,2,"C2",1,"control","ange",332
"52","a 1 2 C2 2","a",1,2,"C2",2,"control","ange",370
"53","a 1 2 C2 3","a",1,2,"C2",3,"control","ange",414
"54","a 1 2 C2 4","a",1,2,"C2",4,"control","ange",382
"55","a 1 2 C2 5","a",1,2,"C2",5,"control","ange",306
"56","a 1 2 C2 1","a",1,2,"C2",1,"control","mofi",122
"57","a 1 2 C2 2","a",1,2,"C2",2,"control","mofi",167
"58","a 1 2 C2 3","a",1,2,"C2",3,"control","mofi",167
"59","a 1 2 C2 4","a",1,2,"C2",4,"control","mofi",135
"60","a 1 2 C2 5","a",1,2,"C2",5,"control","mofi",135
"61","a 1 2 C2 1","a",1,2,"C2",1,"control","hemax",294
"62","a 1 2 C2 2","a",1,2,"C2",2,"control","hemax",255
"63","a 1 2 C2 3","a",1,2,"C2",3,"control","hemax",306
"64","a 1 2 C2 4","a",1,2,"C2",4,"control","hemax",306
"65","a 1 2 C2 5","a",1,2,"C2",5,"control","hemax",300
"66","a 1 2 D1 1","a",1,2,"D1",1,"nitrogen","sonu",401
"67","a 1 2 D1 2","a",1,2,"D1",2,"nitrogen","sonu",604
"68","a 1 2 D1 3","a",1,2,"D1",3,"nitrogen","sonu",420
"69","a 1 2 D1 4","a",1,2,"D1",4,"nitrogen","sonu",344
"70","a 1 2 D1 5","a",1,2,"D1",5,"nitrogen","sonu",376
"71","a 1 2 D1 1","a",1,2,"D1",1,"nitrogen","hemax",332
"72","a 1 2 D1 2","a",1,2,"D1",2,"nitrogen","hemax",236
"73","a 1 2 D1 3","a",1,2,"D1",3,"nitrogen","hemax",262
"74","a 1 2 D1 4","a",1,2,"D1",4,"nitrogen","hemax",NA
"75","a 1 2 D1 5","a",1,2,"D1",5,"nitrogen","hemax",NA
"76","a 1 2 D1 1","a",1,2,"D1",1,"nitrogen","ange",401
"77","a 1 2 D1 2","a",1,2,"D1",2,"nitrogen","ange",357
"78","a 1 2 D1 3","a",1,2,"D1",3,"nitrogen","ange",344
"79","a 1 2 D1 4","a",1,2,"D1",4,"nitrogen","ange",382
"80","a 1 2 D1 5","a",1,2,"D1",5,"nitrogen","ange",401
"81","a 1 2 D1 2","a",1,2,"D1",2,"nitrogen","sonu",465
"82","a 1 2 D1 3","a",1,2,"D1",3,"nitrogen","sonu",332
"83","a 1 2 D1 4","a",1,2,"D1",4,"nitrogen","sonu",458
"84","a 1 2 D1 5","a",1,2,"D1",5,"nitrogen","sonu",465
"85","a 1 2 D1 1","a",1,2,"D1",1,"nitrogen","hemax",306
"86","a 1 2 D1 2","a",1,2,"D1",2,"nitrogen","hemax",306
"87","a 1 2 D1 3","a",1,2,"D1",3,"nitrogen","hemax",370
"88","a 1 2 D1 4","a",1,2,"D1",4,"nitrogen","hemax",389
"89","a 1 2 D1 5","a",1,2,"D1",5,"nitrogen","hemax",376
"90","a 1 2 D1 1","a",1,2,"D1",1,"nitrogen","ange",382
"91","a 1 2 D1 2","a",1,2,"D1",2,"nitrogen","ange",420
"92","a 1 2 D1 3","a",1,2,"D1",3,"nitrogen","ange",465
"93","a 1 2 D1 4","a",1,2,"D1",4,"nitrogen","ange",351
"94","a 1 2 D1 5","a",1,2,"D1",5,"nitrogen","ange",433
"95","a 1 2 D1 1","a",1,2,"D1",1,"nitrogen","mofi",192
"96","a 1 2 D1 2","a",1,2,"D1",2,"nitrogen","mofi",167
"97","a 1 2 D1 3","a",1,2,"D1",3,"nitrogen","mofi",122
"98","a 1 2 D1 4","a",1,2,"D1",4,"nitrogen","mofi",NA
"99","a 1 2 D1 5","a",1,2,"D1",5,"nitrogen","mofi",NA
"100","a 1 2 D4 1","a",1,2,"D4",1,"biomass_nitrogen","sonu",446
"101","a 1 2 D4 2","a",1,2,"D4",2,"biomass_nitrogen","sonu",534
"102","a 1 2 D4 3","a",1,2,"D4",3,"biomass_nitrogen","sonu",489
"103","a 1 2 D4 4","a",1,2,"D4",4,"biomass_nitrogen","sonu",420
"104","a 1 2 D4 5","a",1,2,"D4",5,"biomass_nitrogen","sonu",414
"105","a 1 2 D4 1","a",1,2,"D4",1,"biomass_nitrogen","ange",395
"106","a 1 2 D4 2","a",1,2,"D4",2,"biomass_nitrogen","ange",389
"107","a 1 2 D4 3","a",1,2,"D4",3,"biomass_nitrogen","ange",452
"108","a 1 2 D4 4","a",1,2,"D4",4,"biomass_nitrogen","ange",446
"109","a 1 2 D4 5","a",1,2,"D4",5,"biomass_nitrogen","ange",420
"110","a 1 2 D4 1","a",1,2,"D4",1,"biomass_nitrogen","solidago",167
"111","a 1 2 D4 2","a",1,2,"D4",2,"biomass_nitrogen","solidago",224
"112","a 1 2 D4 3","a",1,2,"D4",3,"biomass_nitrogen","solidago",NA
"113","a 1 2 D4 4","a",1,2,"D4",4,"biomass_nitrogen","solidago",NA
"114","a 1 2 D4 5","a",1,2,"D4",5,"biomass_nitrogen","solidago",NA
"115","a 1 2 D3 1","a",1,2,"D3",1,"biomass ","sonu",433
"116","a 1 2 D3 2","a",1,2,"D3",2,"biomass ","sonu",427
"117","a 1 2 D3 3","a",1,2,"D3",3,"biomass ","sonu",420
"118","a 1 2 D3 4","a",1,2,"D3",4,"biomass ","sonu",389
"119","a 1 2 D3 5","a",1,2,"D3",5,"biomass ","sonu",408
"120","a 1 2 D3 1","a",1,2,"D3",1,"biomass","ange",363
"121","a 1 2 D3 2","a",1,2,"D3",2,"biomass","ange",522
"122","a 1 2 D3 3","a",1,2,"D3",3,"biomass","ange",503
"123","a 1 2 D3 4","a",1,2,"D3",4,"biomass","ange",439
"124","a 1 2 D3 5","a",1,2,"D3",5,"biomass","ange",351
"125","a 1 2 D4 1","a",1,2,"D4",1,"rainout","hemax",351
"126","a 1 2 D4 2","a",1,2,"D4",2,"rainout","hemax",325
"127","a 1 2 D4 3","a",1,2,"D4",3,"rainout","hemax",306
"128","a 1 2 D4 4","a",1,2,"D4",4,"rainout","hemax",294
"129","a 1 2 D4 5","a",1,2,"D4",5,"rainout","hemax",294
"130","c 1 1 D1 1","c",1,1,"D1",1,"biomass ","ange",357
"131","c 1 1 D1 2","c",1,1,"D1",2,"biomass ","ange",452
"132","c 1 1 D1 3","c",1,1,"D1",3,"biomass ","ange",376
"133","c 1 1 D1 4","c",1,1,"D1",4,"biomass ","ange",489
"134","c 1 1 D1 5","c",1,1,"D1",5,"biomass ","ange",325
"135","c 1 1 D1 1","c",1,1,"D1",1,"biomass ","solidago",129
"136","c 1 1 D1 2","c",1,1,"D1",2,"biomass ","solidago",186
"137","c 1 1 D1 3","c",1,1,"D1",3,"biomass ","solidago",249
"138","c 1 1 D1 4","c",1,1,"D1",4,"biomass ","solidago",NA
"139","c 1 1 D1 5","c",1,1,"D1",5,"biomass ","solidago",NA
"140","c 1 1 D4 1","c",1,1,"D4",1,"rainout","solidago",217
"141","c 1 1 D4 2","c",1,1,"D4",2,"rainout","solidago",160
"142","c 1 1 D4 3","c",1,1,"D4",3,"rainout","solidago",306
"143","c 1 1 D4 4","c",1,1,"D4",4,"rainout","solidago",275
"144","c 1 1 D4 5","c",1,1,"D4",5,"rainout","solidago",192
"145","c 1 1 D4 1","c",1,1,"D4",1,"rainout","ange",275
"146","c 1 1 D4 2","c",1,1,"D4",2,"rainout","ange",357
"147","c 1 1 D4 3","c",1,1,"D4",3,"rainout","ange",268
"148","c 1 1 D4 4","c",1,1,"D4",4,"rainout","ange",370
"149","c 1 1 D4 5","c",1,1,"D4",5,"rainout","ange",370
"150","c 1 1 D3 1","c",1,1,"D3",1,"biomass_nitrogen","ange",357
"151","c 1 1 D3 2","c",1,1,"D3",2,"biomass_nitrogen","ange",376
"152","c 1 1 D3 3","c",1,1,"D3",3,"biomass_nitrogen","ange",357
"153","c 1 1 D3 4","c",1,1,"D3",4,"biomass_nitrogen","ange",389
"154","c 1 1 D3 5","c",1,1,"D3",5,"biomass_nitrogen","ange",395
"155","c 1 1 D3 1","c",1,1,"D3",1,"biomass_nitrogen","solidago",186
"156","c 1 1 D3 2","c",1,1,"D3",2,"biomass_nitrogen","solidago",249
"157","c 1 1 D3 3","c",1,1,"D3",3,"biomass_nitrogen","solidago",205
"158","c 1 1 D3 4","c",1,1,"D3",4,"biomass_nitrogen","solidago",186
"159","c 1 1 D3 5","c",1,1,"D3",5,"biomass_nitrogen","solidago",NA
"160","c 1 1 D2 1","c",1,1,"D2",1,"nitrogen","ange",287
"161","c 1 1 D2 2","c",1,1,"D2",2,"nitrogen","ange",420
"162","c 1 1 D2 3","c",1,1,"D2",3,"nitrogen","ange",395
"163","c 1 1 D2 4","c",1,1,"D2",4,"nitrogen","ange",490
"164","c 1 1 D2 5","c",1,1,"D2",5,"nitrogen","ange",503
"165","c 1 1 D2 1","c",1,1,"D2",1,"nitrogen","solidago",249
"166","c 1 1 D2 2","c",1,1,"D2",2,"nitrogen","solidago",224
"167","c 1 1 D2 3","c",1,1,"D2",3,"nitrogen","solidago",281
"168","c 1 1 D2 4","c",1,1,"D2",4,"nitrogen","solidago",319
"169","c 1 1 D2 5","c",1,1,"D2",5,"nitrogen","solidago",294
"170","c 1 1 C1 1","c",1,1,"C1",1,"control","ange",313
"171","c 1 1 C1 2","c",1,1,"C1",2,"control","ange",262
"172","c 1 1 C1 3","c",1,1,"C1",3,"control","ange",344
"173","c 1 1 C1 4","c",1,1,"C1",4,"control","ange",313
"174","c 1 1 C1 5","c",1,1,"C1",5,"control","ange",275
"175","c 1 1 C1 1","c",1,1,"C1",1,"control","solidago",198
"176","c 1 1 C1 2","c",1,1,"C1",2,"control","solidago",206
"177","c 1 1 C1 3","c",1,1,"C1",3,"control","solidago",192
"178","c 1 1 C1 4","c",1,1,"C1",4,"control","solidago",NA
"179","c 1 1 C1 5","c",1,1,"C1",5,"control","solidago",NA
"180","c 1 1 C2 1","c",1,1,"C2",1,"control","solidago",217
"181","c 1 1 C2 2","c",1,1,"C2",2,"control","solidago",300
"182","c 1 1 C2 3","c",1,1,"C2",3,"control","solidago",205
"183","c 1 1 C2 4","c",1,1,"C2",4,"control","solidago",255
"184","c 1 1 C2 5","c",1,1,"C2",5,"control","solidago",249
"185","c 1 1 C2 1","c",1,1,"C2",1,"control","ange",319
"186","c 1 1 C2 2","c",1,1,"C2",2,"control","ange",287
"187","c 1 1 C2 3","c",1,1,"C2",3,"control","ange",275
"188","c 1 1 C2 4","c",1,1,"C2",4,"control","ange",217
"189","c 1 1 C2 5","c",1,1,"C2",5,"control","ange",243
"190","b 2 1 D3 1","b",2,1,"D3",1,"nitrogen","ange",395
"191","b 2 1 D3 2","b",2,1,"D3",2,"nitrogen","ange",408
"192","b 2 1 D3 3","b",2,1,"D3",3,"nitrogen","ange",427
"193","b 2 1 D3 4","b",2,1,"D3",4,"nitrogen","ange",439
"194","b 2 1 D3 5","b",2,1,"D3",5,"nitrogen","ange",427
"195","b 2 1 D3 1","b",2,1,"D3",1,"nitrogen","solidago",351
"196","b 2 1 D3 2","b",2,1,"D3",2,"nitrogen","solidago",306
"197","b 2 1 D3 3","b",2,1,"D3",3,"nitrogen","solidago",319
"198","b 2 1 D3 4","b",2,1,"D3",4,"nitrogen","solidago",281
"199","b 2 1 D3 5","b",2,1,"D3",5,"nitrogen","solidago",338
"200","b 2 1 D2 1","b",2,1,"D2",1,"nitrogen","ange",414
"201","b 2 1 D2 2","b",2,1,"D2",2,"nitrogen","ange",433
"202","b 2 1 D2 3","b",2,1,"D2",3,"nitrogen","ange",458
"203","b 2 1 D2 4","b",2,1,"D2",4,"nitrogen","ange",370
"204","b 2 1 D2 5","b",2,1,"D2",5,"nitrogen","ange",382
"205","b 2 1 D2 1","b",2,1,"D2",1,"nitrogen","solidago",224
"206","b 2 1 D2 2","b",2,1,"D2",2,"nitrogen","solidago",198
"207","b 2 1 D2 3","b",2,1,"D2",3,"nitrogen","solidago",268
"208","b 2 1 D2 4","b",2,1,"D2",4,"nitrogen","solidago",NA
"209","b 2 1 D2 5","b",2,1,"D2",5,"nitrogen","solidago",NA
"210","b 2 1 C1 1","b",2,1,"C1",1,"control","solidago",148
"211","b 2 1 C1 2","b",2,1,"C1",2,"control","solidago",78
"212","b 2 1 C1 3","b",2,1,"C1",3,"control","solidago",154
"213","b 2 1 C1 4","b",2,1,"C1",4,"control","solidago",78
"214","b 2 1 C1 5","b",2,1,"C1",5,"control","solidago",236
"215","b 2 1 C1 1","b",2,1,"C1",1,"control","ange",401
"216","b 2 1 C1 2","b",2,1,"C1",2,"control","ange",370
"217","b 2 1 C1 3","b",2,1,"C1",3,"control","ange",319
"218","b 2 1 C1 4","b",2,1,"C1",4,"control","ange",306
"219","b 2 1 C1 5","b",2,1,"C1",5,"control","ange",439
"220","b 2 1 C2 1","b",2,1,"C2",1,"control","ange",249
"221","b 2 1 C2 2","b",2,1,"C2",2,"control","ange",382
"222","b 2 1 C2 3","b",2,1,"C2",3,"control","ange",313
"223","b 2 1 C2 4","b",2,1,"C2",4,"control","ange",249
"224","b 2 1 C2 5","b",2,1,"C2",5,"control","ange",268
"225","b 2 1 D1 1","b",2,1,"D1",1,"biomass","ange",382
"226","b 2 1 D1 2","b",2,1,"D1",2,"biomass","ange",420
"227","b 2 1 D1 3","b",2,1,"D1",3,"biomass","ange",357
"228","b 2 1 D1 4","b",2,1,"D1",4,"biomass","ange",325
"229","b 2 1 D1 5","b",2,1,"D1",5,"biomass","ange",357
"230","b 2 1 D1 1","b",2,1,"D1",1,"biomass","solidago",154
"231","b 2 1 D1 2","b",2,1,"D1",2,"biomass","solidago",129
"232","b 2 1 D1 3","b",2,1,"D1",3,"biomass","solidago",122
"233","b 2 1 D1 4","b",2,1,"D1",4,"biomass","solidago",103
"234","b 2 1 D1 5","b",2,1,"D1",5,"biomass","solidago",198
"235","b 2 1 D4 1","b",2,1,"D4",1,"rainout","ange",306
"236","b 2 1 D4 2","b",2,1,"D4",2,"rainout","ange",351
"237","b 2 1 D4 3","b",2,1,"D4",3,"rainout","ange",244
"238","b 2 1 D4 4","b",2,1,"D4",4,"rainout","ange",370
"239","b 2 1 D4 5","b",2,1,"D4",5,"rainout","ange",338
"240","b 2 1 D4 1","b",2,1,"D4",1,"rainout","solidago",224
"241","b 2 1 D4 2","b",2,1,"D4",2,"rainout","solidago",306
"242","b 2 1 D4 3","b",2,1,"D4",3,"rainout","solidago",262
"243","b 2 1 D4 4","b",2,1,"D4",4,"rainout","solidago",306
"244","b 2 1 D4 5","b",2,1,"D4",5,"rainout","solidago",192
"245","c 2 1 D1 1","c",2,1,"D1",1,"biomass_nitrogen","sonu",477
"246","c 2 1 D1 2","c",2,1,"D1",2,"biomass_nitrogen","sonu",414
"247","c 2 1 D1 3","c",2,1,"D1",3,"biomass_nitrogen","sonu",452
"248","c 2 1 D1 4","c",2,1,"D1",4,"biomass_nitrogen","sonu",408
"249","c 2 1 D1 5","c",2,1,"D1",5,"biomass_nitrogen","sonu",458
"250","c 2 1 D1 1","c",2,1,"D1",1,"biomass_nitrogen","ange",433
"251","c 2 1 D1 2","c",2,1,"D1",2,"biomass_nitrogen","ange",471
"252","c 2 1 D1 3","c",2,1,"D1",3,"biomass_nitrogen","ange",395
"253","c 2 1 D1 4","c",2,1,"D1",4,"biomass_nitrogen","ange",401
"254","c 2 1 D1 5","c",2,1,"D1",5,"biomass_nitrogen","ange",382
"255","c 2 2 D3 1","c",2,2,"D3",1,"nitrogen","solidago",268
"256","c 2 2 D3 2","c",2,2,"D3",2,"nitrogen","solidago",287
"257","c 2 2 D3 3","c",2,2,"D3",3,"nitrogen","solidago",255
"258","c 2 2 D3 4","c",2,2,"D3",4,"nitrogen","solidago",179
"259","c 2 2 D3 5","c",2,2,"D3",5,"nitrogen","solidago",160
"260","c 2 2 D3 1","c",2,2,"D3",1,"nitrogen","ange",446
"261","c 2 2 D3 2","c",2,2,"D3",2,"nitrogen","ange",357
"262","c 2 2 D3 3","c",2,2,"D3",3,"nitrogen","ange",427
"263","c 2 2 D3 4","c",2,2,"D3",4,"nitrogen","ange",452
"264","c 2 2 D3 5","c",2,2,"D3",5,"nitrogen","ange",420
"265","c 2 2 D2 1","c",2,2,"D2",1,"biomass ","ange",420
"266","c 2 2 D2 2","c",2,2,"D2",2,"biomass ","ange",306
"267","c 2 2 D2 3","c",2,2,"D2",3,"biomass ","ange",338
"268","c 2 2 D2 4","c",2,2,"D2",4,"biomass ","ange",389
"269","c 2 2 D2 5","c",2,2,"D2",5,"biomass ","ange",477
"270","c 2 2 D2 1","c",2,2,"D2",1,"biomass","sonu",319
"271","c 2 2 D2 2","c",2,2,"D2",2,"biomass","sonu",414
"272","c 2 2 D2 3","c",2,2,"D2",3,"biomass","sonu",414
"273","c 2 2 D2 4","c",2,2,"D2",4,"biomass","sonu",363
"274","c 2 2 D2 5","c",2,2,"D2",5,"biomass","sonu",395
"275","c 2 2 D2 1","c",2,2,"D2",1,"biomass","solidago",110
"276","c 2 2 D2 2","c",2,2,"D2",2,"biomass","solidago",281
"277","c 2 2 D2 3","c",2,2,"D2",3,"biomass","solidago",324
"278","c 2 2 D2 4","c",2,2,"D2",4,"biomass","solidago",198
"279","c 2 2 D2 5","c",2,2,"D2",5,"biomass","solidago",363
"280","c 2 2 C1 1","c",2,2,"C1",1,"control","solidago",230
"281","c 2 2 C1 2","c",2,2,"C1",2,"control","solidago",217
"282","c 2 2 C1 3","c",2,2,"C1",3,"control","solidago",230
"283","c 2 2 C1 4","c",2,2,"C1",4,"control","solidago",268
"284","c 2 2 C1 5","c",2,2,"C1",5,"control","solidago",NA
"285","c 2 2 C1 1","c",2,2,"C1",1,"control","mofi",160
"286","c 2 2 C1 2","c",2,2,"C1",2,"control","mofi",141
"287","c 2 2 C1 3","c",2,2,"C1",3,"control","mofi",160
"288","c 2 2 C1 4","c",2,2,"C1",4,"control","mofi",148
"289","c 2 2 C1 5","c",2,2,"C1",5,"control","mofi",NA
"290","c 2 2 C1 1","c",2,2,"C1",1,"control","ange",414
"291","c 2 2 C1 2","c",2,2,"C1",2,"control","ange",401
"292","c 2 2 C1 3","c",2,2,"C1",3,"control","ange",332
"293","c 2 2 C1 4","c",2,2,"C1",4,"control","ange",363
"294","c 2 2 C1 5","c",2,2,"C1",5,"control","ange",420
"295","c 2 2 C1 1","c",2,2,"C1",1,"control","sonu",389
"296","c 2 2 C1 2","c",2,2,"C1",2,"control","sonu",465
"297","c 2 2 C1 3","c",2,2,"C1",3,"control","sonu",471
"298","c 2 2 C1 4","c",2,2,"C1",4,"control","sonu",408
"299","c 2 2 C1 5","c",2,2,"C1",5,"control","sonu",446
"300","c 2 2 D4 1","c",2,2,"D4",1,"rainout","sonu",433
"301","c 2 2 D4 2","c",2,2,"D4",2,"rainout","sonu",370
"302","c 2 2 D4 3","c",2,2,"D4",3,"rainout","sonu",446
"303","c 2 2 D4 4","c",2,2,"D4",4,"rainout","sonu",414
"304","c 2 2 D4 5","c",2,2,"D4",5,"rainout","sonu",484
"305","c 2 2 D4 1","c",2,2,"D4",1,"rainout","pavi",382
"306","c 2 2 D4 2","c",2,2,"D4",2,"rainout","pavi",294
"307","c 2 2 D4 3","c",2,2,"D4",3,"rainout","pavi",268
"308","c 2 2 D4 4","c",2,2,"D4",4,"rainout","pavi",376
"309","c 2 2 D4 5","c",2,2,"D4",5,"rainout","pavi",300
"310","c 2 2 D4 1","c",2,2,"D4",1,"rainout","mofi",160
"311","c 2 2 D4 2","c",2,2,"D4",2,"rainout","mofi",230
"312","c 2 2 D4 3","c",2,2,"D4",3,"rainout","mofi",198
"313","c 2 2 D4 4","c",2,2,"D4",4,"rainout","mofi",179
"314","c 2 2 D4 5","c",2,2,"D4",5,"rainout","mofi",230
"315","c 2 2 D4 1","c",2,2,"D4",1,"rainout","solidago",332
"316","c 2 2 D4 2","c",2,2,"D4",2,"rainout","solidago",370
"317","c 2 2 D4 3","c",2,2,"D4",3,"rainout","solidago",313
"318","c 2 2 D4 4","c",2,2,"D4",4,"rainout","solidago",300
"319","c 2 2 D4 5","c",2,2,"D4",5,"rainout","solidago",363
"320","c 2 2 D4 1","c",2,2,"D4",1,"rainout","hemax",363
"321","c 2 2 D4 2","c",2,2,"D4",2,"rainout","hemax",300
"322","c 2 2 D4 3","c",2,2,"D4",3,"rainout","hemax",357
"323","c 2 2 D4 4","c",2,2,"D4",4,"rainout","hemax",NA
"324","c 2 2 D4 5","c",2,2,"D4",5,"rainout","hemax",NA
"325","c 2 2 D3 1","c",2,2,"D3",1,"nitrogen","pavi",427
"326","c 2 2 D3 2","c",2,2,"D3",2,"nitrogen","pavi",439
"327","c 2 2 D3 3","c",2,2,"D3",3,"nitrogen","pavi",446
"328","c 2 2 D3 4","c",2,2,"D3",4,"nitrogen","pavi",490
"329","c 2 2 D3 5","c",2,2,"D3",5,"nitrogen","pavi",420
"330","c 2 2 D3 1","c",2,2,"D3",1,"nitrogen","mofi",205
"331","c 2 2 D3 2","c",2,2,"D3",2,"nitrogen","mofi",217
"332","c 2 2 D3 3","c",2,2,"D3",3,"nitrogen","mofi",224
"333","c 2 2 D3 4","c",2,2,"D3",4,"nitrogen","mofi",224
"334","c 2 2 D3 5","c",2,2,"D3",5,"nitrogen","mofi",217
"335","c 2 2 D3 1","c",2,2,"D3",1,"nitrogen","hemax",395
"336","c 2 2 D3 2","c",2,2,"D3",2,"nitrogen","hemax",401
"337","c 2 2 D3 3","c",2,2,"D3",3,"nitrogen","hemax",363
"338","c 2 2 D3 4","c",2,2,"D3",4,"nitrogen","hemax",NA
"339","c 2 2 D3 5","c",2,2,"D3",5,"nitrogen","hemax",NA
"340","c 2 2 C1 1","c",2,2,"C1",1,"control","hepa",363
"341","c 2 2 C1 2","c",2,2,"C1",2,"control","hepa",344
"342","c 2 2 C1 3","c",2,2,"C1",3,"control","hepa",294
"343","c 2 2 C1 4","c",2,2,"C1",4,"control","hepa",370
"344","c 2 2 C1 5","c",2,2,"C1",5,"control","hepa",376
"345","c 2 2 C2 1","c",2,2,"C2",1,"control","sonu",370
"346","c 2 2 C2 2","c",2,2,"C2",2,"control","sonu",427
"347","c 2 2 C2 3","c",2,2,"C2",3,"control","sonu",351
"348","c 2 2 C2 4","c",2,2,"C2",4,"control","sonu",420
"349","c 2 2 C2 5","c",2,2,"C2",5,"control","sonu",332
"350","c 2 2 C2 1","c",2,2,"C2",1,"control","ange",363
"351","c 2 2 C2 2","c",2,2,"C2",2,"control","ange",344
"352","c 2 2 C2 3","c",2,2,"C2",3,"control","ange",370
"353","c 2 2 C2 4","c",2,2,"C2",4,"control","ange",382
"354","c 2 2 C2 5","c",2,2,"C2",5,"control","ange",420
"355","c 2 2 C2 1","c",2,2,"C2",1,"control","mofi",160
"356","c 2 2 C2 2","c",2,2,"C2",2,"control","mofi",173
"357","c 2 2 C2 3","c",2,2,"C2",3,"control","mofi",186
"358","c 2 2 C2 4","c",2,2,"C2",4,"control","mofi",116
"359","c 2 2 C2 5","c",2,2,"C2",5,"control","mofi",116
"360","a 3 2 D4 1","a",3,2,"D4",1,"rainout","mofi",167
"361","a 3 2 D4 2","a",3,2,"D4",2,"rainout","mofi",217
"362","a 3 2 D4 3","a",3,2,"D4",3,"rainout","mofi",198
"363","a 3 2 D4 4","a",3,2,"D4",4,"rainout","mofi",205
"364","a 3 2 D4 5","a",3,2,"D4",5,"rainout","mofi",211
"365","a 3 2 D4 1","a",3,2,"D4",1,"rainout","solidago",370
"366","a 3 2 D4 2","a",3,2,"D4",2,"rainout","solidago",236
"367","a 3 2 D4 3","a",3,2,"D4",3,"rainout","solidago",306
"368","a 3 2 D4 4","a",3,2,"D4",4,"rainout","solidago",351
"369","a 3 2 D4 5","a",3,2,"D4",5,"rainout","solidago",319
"370","a 3 2 D4 1","a",3,2,"D4",1,"rainout","hemax",236
"371","a 3 2 D4 2","a",3,2,"D4",2,"rainout","hemax",287
"372","a 3 2 D4 3","a",3,2,"D4",3,"rainout","hemax",294
"373","a 3 2 D4 4","a",3,2,"D4",4,"rainout","hemax",262
"374","a 3 2 D4 5","a",3,2,"D4",5,"rainout","hemax",306
"375","a 3 2 D4 1","a",3,2,"D4",1,"rainout","sonu",395
"376","a 3 2 D4 2","a",3,2,"D4",2,"rainout","sonu",319
"377","a 3 2 D4 3","a",3,2,"D4",3,"rainout","sonu",262
"378","a 3 2 D4 4","a",3,2,"D4",4,"rainout","sonu",325
"379","a 3 2 D4 5","a",3,2,"D4",5,"rainout","sonu",338
"380","a 3 2 D3 1","a",3,2,"D3",1,"biomass_nitrogen","sonu",395
"381","a 3 2 D3 2","a",3,2,"D3",2,"biomass_nitrogen","sonu",439
"382","a 3 2 D3 3","a",3,2,"D3",3,"biomass_nitrogen","sonu",471
"383","a 3 2 D3 4","a",3,2,"D3",4,"biomass_nitrogen","sonu",414
"384","a 3 2 D3 5","a",3,2,"D3",5,"biomass_nitrogen","sonu",553
"385","a 3 2 D3 1","a",3,2,"D3",1,"biomass_nitrogen","ange",452
"386","a 3 2 D3 2","a",3,2,"D3",2,"biomass_nitrogen","ange",395
"387","a 3 2 D3 3","a",3,2,"D3",3,"biomass_nitrogen","ange",306
"388","a 3 2 D3 4","a",3,2,"D3",4,"biomass_nitrogen","ange",401
"389","a 3 2 D3 5","a",3,2,"D3",5,"biomass_nitrogen","ange",325
"390","a 3 2 D3 1","a",3,2,"D3",1,"biomass_nitrogen","solidago",294
"391","a 3 2 D3 2","a",3,2,"D3",2,"biomass_nitrogen","solidago",249
"392","a 3 2 D3 3","a",3,2,"D3",3,"biomass_nitrogen","solidago",279
"393","a 3 2 D3 4","a",3,2,"D3",4,"biomass_nitrogen","solidago",243
"394","a 3 2 D3 5","a",3,2,"D3",5,"biomass_nitrogen","solidago",268
"395","a 3 2 D3 1","a",3,2,"D3",1,"biomass_nitrogen","hemax",363
"396","a 3 2 D3 2","a",3,2,"D3",2,"biomass_nitrogen","hemax",332
"397","a 3 2 D3 3","a",3,2,"D3",3,"biomass_nitrogen","hemax",338
"398","a 3 2 D3 4","a",3,2,"D3",4,"biomass_nitrogen","hemax",370
"399","a 3 2 D3 5","a",3,2,"D3",5,"biomass_nitrogen","hemax",338
"400","a 3 2 D2 1","a",3,2,"D2",1,"biomass_nitrogen","ange",427
"401","a 3 2 D2 2","a",3,2,"D2",2,"biomass_nitrogen","ange",401
"402","a 3 2 D2 3","a",3,2,"D2",3,"biomass_nitrogen","ange",471
"403","a 3 2 D2 4","a",3,2,"D2",4,"biomass_nitrogen","ange",395
"404","a 3 2 D2 5","a",3,2,"D2",5,"biomass_nitrogen","ange",490
"405","a 3 2 C2 1","a",3,2,"C2",1,"control","hemax",281
"406","a 3 2 C2 2","a",3,2,"C2",2,"control","hemax",325
"407","a 3 2 C2 3","a",3,2,"C2",3,"control","hemax",306
"408","a 3 2 C2 4","a",3,2,"C2",4,"control","hemax",243
"409","a 3 2 C2 5","a",3,2,"C2",5,"control","hemax",325
"410","a 3 2 D2 1","a",3,2,"D2",1,"control","solidago",465
"411","a 3 2 D2 2","a",3,2,"D2",2,"control","solidago",294
"412","a 3 2 D2 3","a",3,2,"D2",3,"control","solidago",433
"413","a 3 2 D2 4","a",3,2,"D2",4,"control","solidago",477
"414","a 3 2 D2 5","a",3,2,"D2",5,"control","solidago",338
"415","a 3 2 C1 1","a",3,2,"C1",1,"control","sonu",389
"416","a 3 2 C1 2","a",3,2,"C1",2,"control","sonu",414
"417","a 3 2 C1 3","a",3,2,"C1",3,"control","sonu",446
"418","a 3 2 C1 4","a",3,2,"C1",4,"control","sonu",357
"419","a 3 2 C1 5","a",3,2,"C1",5,"control","sonu",325
"420","a 3 2 C1 1","a",3,2,"C1",1,"control","ange",332
"421","a 3 2 C1 2","a",3,2,"C1",2,"control","ange",344
"422","a 3 2 C1 3","a",3,2,"C1",3,"control","ange",363
"423","a 3 2 C1 4","a",3,2,"C1",4,"control","ange",300
"424","a 3 2 C1 5","a",3,2,"C1",5,"control","ange",395
"425","a 3 2 C1 1","a",3,2,"C1",1,"control","hemax",262
"426","a 3 2 C1 2","a",3,2,"C1",2,"control","hemax",325
"427","a 3 2 C1 3","a",3,2,"C1",3,"control","hemax",230
"428","a 3 2 C1 4","a",3,2,"C1",4,"control","hemax",192
"429","a 3 2 C1 5","a",3,2,"C1",5,"control","hemax",332
"430","a 3 2 C1 1","a",3,2,"C1",1,"control","silin",281
"431","a 3 2 C1 2","a",3,2,"C1",2,"control","silin",268
"432","a 3 2 C1 3","a",3,2,"C1",3,"control","silin",236
"433","a 3 2 C1 4","a",3,2,"C1",4,"control","silin",287
"434","a 3 2 C1 5","a",3,2,"C1",5,"control","silin",198
"435","a 3 2 C2 1","a",3,2,"C2",1,"control","ange",255
"436","a 3 2 C2 2","a",3,2,"C2",2,"control","ange",275
"437","a 3 2 C2 3","a",3,2,"C2",3,"control","ange",382
"438","a 3 2 C2 4","a",3,2,"C2",4,"control","ange",325
"439","a 3 2 C2 5","a",3,2,"C2",5,"control","ange",281
"440","a 3 2 C2 1","a",3,2,"C2",1,"control","solidago",243
"441","a 3 2 C2 2","a",3,2,"C2",2,"control","solidago",255
"442","a 3 2 C2 3","a",3,2,"C2",3,"control","solidago",287
"443","a 3 2 C2 4","a",3,2,"C2",4,"control","solidago",306
"444","a 3 2 C2 5","a",3,2,"C2",5,"control","solidago",287
"445","a 3 2 C2 1","a",3,2,"C2",1,"control","sonu",401
"446","a 3 2 C2 2","a",3,2,"C2",2,"control","sonu",376
"447","a 3 2 C2 3","a",3,2,"C2",3,"control","sonu",370
"448","a 3 2 C2 4","a",3,2,"C2",4,"control","sonu",351
"449","a 3 2 C2 5","a",3,2,"C2",5,"control","sonu",401
"450","a 3 2 C2 1","a",3,2,"C2",1,"control","mofi",198
"451","a 3 2 C2 2","a",3,2,"C2",2,"control","mofi",224
"452","a 3 2 C2 3","a",3,2,"C2",3,"control","mofi",167
"453","a 3 2 C2 4","a",3,2,"C2",4,"control","mofi",173
"454","a 3 2 C2 5","a",3,2,"C2",5,"control","mofi",141
"455","a 4 1 D1 1","a",4,1,"D1",1,"nitrogen","ange",363
"456","a 4 1 D1 2","a",4,1,"D1",2,"nitrogen","ange",395
"457","a 4 1 D1 3","a",4,1,"D1",3,"nitrogen","ange",408
"458","a 4 1 D1 4","a",4,1,"D1",4,"nitrogen","ange",490
"459","a 4 1 D1 5","a",4,1,"D1",5,"nitrogen","ange",477
"460","a 4 1 D1 1","a",4,1,"D1",1,"nitrogen","solidago",275
"461","a 4 1 D1 2","a",4,1,"D1",2,"nitrogen","solidago",236
"462","a 4 1 D1 3","a",4,1,"D1",3,"nitrogen","solidago",243
"463","a 4 1 D1 4","a",4,1,"D1",4,"nitrogen","solidago",186
"464","a 4 1 D1 5","a",4,1,"D1",5,"nitrogen","solidago",255
"465","a 4 1 D4 1","a",4,1,"D4",1,"biomass","solidago",268
"466","a 4 1 D4 2","a",4,1,"D4",2,"biomass","solidago",205
"467","a 4 1 D4 3","a",4,1,"D4",3,"biomass","solidago",141
"468","a 4 1 D4 4","a",4,1,"D4",4,"biomass","solidago",154
"469","a 4 1 D4 5","a",4,1,"D4",5,"biomass","solidago",154
"470","a 4 1 D4 1","a",4,1,"D4",1,"biomass","ange",389
"471","a 4 1 D4 2","a",4,1,"D4",2,"biomass","ange",363
"472","a 4 1 D4 3","a",4,1,"D4",3,"biomass","ange",338
"473","a 4 1 D4 4","a",4,1,"D4",4,"biomass","ange",382
"474","a 4 1 D4 5","a",4,1,"D4",5,"biomass","ange",325
"475","a 4 1 D3 1","a",4,1,"D3",1,"biomass_nitrogen","ange",484
"476","a 4 1 D3 2","a",4,1,"D3",2,"biomass_nitrogen","ange",370
"477","a 4 1 D3 3","a",4,1,"D3",3,"biomass_nitrogen","ange",420
"478","a 4 1 D3 4","a",4,1,"D3",4,"biomass_nitrogen","ange",294
"479","a 4 1 D3 5","a",4,1,"D3",5,"biomass_nitrogen","ange",211
"480","a 4 1 D3 1","a",4,1,"D3",1,"biomass_nitrogen","solidago",192
"481","a 4 1 D3 2","a",4,1,"D3",2,"biomass_nitrogen","solidago",154
"482","a 4 1 D3 3","a",4,1,"D3",3,"biomass_nitrogen","solidago",211
"483","a 4 1 D3 4","a",4,1,"D3",4,"biomass_nitrogen","solidago",173
"484","a 4 1 D3 5","a",4,1,"D3",5,"biomass_nitrogen","solidago",230
"485","a 4 1 D2 1","a",4,1,"D2",1,"rainout","solidago",249
"486","a 4 1 D2 2","a",4,1,"D2",2,"rainout","solidago",294
"487","a 4 1 D2 3","a",4,1,"D2",3,"rainout","solidago",224
"488","a 4 1 D2 4","a",4,1,"D2",4,"rainout","solidago",243
"489","a 4 1 D2 5","a",4,1,"D2",5,"rainout","solidago",205
"490","a 4 1 D2 1","a",4,1,"D2",1,"rainout","ange",465
"491","a 4 1 D2 2","a",4,1,"D2",2,"rainout","ange",294
"492","a 4 1 D2 3","a",4,1,"D2",3,"rainout","ange",249
"493","a 4 1 D2 4","a",4,1,"D2",4,"rainout","ange",332
"494","a 4 1 D2 5","a",4,1,"D2",5,"rainout","ange",363
"495","a  4 1 C1 1","a ",4,1,"C1",1,"control","solidago",192
"496","a  4 1 C1 2","a ",4,1,"C1",2,"control","solidago",198
"497","a  4 1 C1 3","a ",4,1,"C1",3,"control","solidago",205
"498","a  4 1 C1 4","a ",4,1,"C1",4,"control","solidago",167
"499","a  4 1 C1 5","a ",4,1,"C1",5,"control","solidago",217
"500","a  4 1 C1 1","a ",4,1,"C1",1,"control","ange",243
"501","a  4 1 C1 2","a ",4,1,"C1",2,"control","ange",294
"502","a  4 1 C1 3","a ",4,1,"C1",3,"control","ange",268
"503","a  4 1 C1 4","a ",4,1,"C1",4,"control","ange",389
"504","a  4 1 C1 5","a ",4,1,"C1",5,"control","ange",351
"505","a  4 1 C2 1","a ",4,1,"C2",1,"control","solidago",262
"506","a  4 1 C2 2","a ",4,1,"C2",2,"control","solidago",217
"507","a  4 1 C2 3","a ",4,1,"C2",3,"control","solidago",205
"508","a  4 1 C2 4","a ",4,1,"C2",4,"control","solidago",198
"509","a  4 1 C2 5","a ",4,1,"C2",5,"control","solidago",211
"510","a  4 1 C2 1","a ",4,1,"C2",1,"control","ange",287
"511","a  4 1 C2 2","a ",4,1,"C2",2,"control","ange",306
"512","a  4 1 C2 3","a ",4,1,"C2",3,"control","ange",351
"513","a  4 1 C2 4","a ",4,1,"C2",4,"control","ange",281
"514","a  4 1 C2 5","a ",4,1,"C2",5,"control","ange",255
"515","b 4 2 C1 1","b",4,2,"C1",1,"control","sonu",465
"516","b 4 2 C1 2","b",4,2,"C1",2,"control","sonu",414
"517","b 4 2 C1 3","b",4,2,"C1",3,"control","sonu",471
"518","b 4 2 C1 4","b",4,2,"C1",4,"control","sonu",420
"519","b 4 2 C1 5","b",4,2,"C1",5,"control","sonu",414
"520","b 4 2 C1 1","b",4,2,"C1",1,"control","mofi",192
"521","b 4 2 C1 2","b",4,2,"C1",2,"control","mofi",129
"522","b 4 2 C1 3","b",4,2,"C1",3,"control","mofi",169
"523","b 4 2 C1 4","b",4,2,"C1",4,"control","mofi",169
"524","b 4 2 C1 5","b",4,2,"C1",5,"control","mofi",122
"525","b 4 2 C1 1","b",4,2,"C1",1,"control","solidago",243
"526","b 4 2 C1 2","b",4,2,"C1",2,"control","solidago",249
"527","b 4 2 C1 3","b",4,2,"C1",3,"control","solidago",249
"528","b 4 2 C1 4","b",4,2,"C1",4,"control","solidago",249
"529","b 4 2 C1 5","b",4,2,"C1",5,"control","solidago",262
"530","b 4 2 C1 1","b",4,2,"C1",1,"control","glyle",255
"531","b 4 2 C1 2","b",4,2,"C1",2,"control","glyle",217
"532","b 4 2 C1 3","b",4,2,"C1",3,"control","glyle",294
"533","b 4 2 C1 4","b",4,2,"C1",4,"control","glyle",275
"534","b 4 2 C1 5","b",4,2,"C1",5,"control","glyle",319
"535","b 4 2 C1 1","b",4,2,"C1",1,"control","ange",382
"536","b 4 2 C1 2","b",4,2,"C1",2,"control","ange",357
"537","b 4 2 C1 3","b",4,2,"C1",3,"control","ange",363
"538","b 4 2 C1 4","b",4,2,"C1",4,"control","ange",370
"539","b 4 2 C1 5","b",4,2,"C1",5,"control","ange",338
"540","b 4 2 D1 1","b",4,2,"D1",1,"rainout","sogi",230
"541","b 4 2 D1 2","b",4,2,"D1",2,"rainout","sogi",192
"542","b 4 2 D1 3","b",4,2,"D1",3,"rainout","sogi",224
"543","b 4 2 D1 4","b",4,2,"D1",4,"rainout","sogi",224
"544","b 4 2 D1 5","b",4,2,"D1",5,"rainout","sogi",167
"545","b 4 2 D1 1","b",4,2,"D1",1,"rainout","sonu",357
"546","b 4 2 D1 2","b",4,2,"D1",2,"rainout","sonu",370
"547","b 4 2 D1 3","b",4,2,"D1",3,"rainout","sonu",395
"548","b 4 2 D1 4","b",4,2,"D1",4,"rainout","sonu",275
"549","b 4 2 D1 5","b",4,2,"D1",5,"rainout","sonu",287
"550","b 4 2 D1 1","b",4,2,"D1",1,"rainout","ange",319
"551","b 4 2 D1 2","b",4,2,"D1",2,"rainout","ange",287
"552","b 4 2 D1 3","b",4,2,"D1",3,"rainout","ange",382
"553","b 4 2 D1 4","b",4,2,"D1",4,"rainout","ange",249
"554","b 4 2 D1 5","b",4,2,"D1",5,"rainout","ange",205
"555","b 4 2 D1 1","b",4,2,"D1",1,"rainout","glyle",211
"556","b 4 2 D1 2","b",4,2,"D1",2,"rainout","glyle",230
"557","b 4 2 D1 3","b",4,2,"D1",3,"rainout","glyle",243
"558","b 4 2 D1 4","b",4,2,"D1",4,"rainout","glyle",249
"559","b 4 2 D1 5","b",4,2,"D1",5,"rainout","glyle",268
"560","b 4 2 D1 1","b",4,2,"D1",1,"rainout","hemax",313
"561","b 4 2 D1 2","b",4,2,"D1",2,"rainout","hemax",313
"562","b 4 2 D1 3","b",4,2,"D1",3,"rainout","hemax",294
"563","b 4 2 D1 4","b",4,2,"D1",4,"rainout","hemax",281
"564","b 4 2 D1 5","b",4,2,"D1",5,"rainout","hemax",313
"565","b 4 2 D1 1","b",4,2,"D1",1,"rainout","mofi",173
"566","b 4 2 D1 2","b",4,2,"D1",2,"rainout","mofi",211
"567","b 4 2 D1 3","b",4,2,"D1",3,"rainout","mofi",236
"568","b 4 2 D1 4","b",4,2,"D1",4,"rainout","mofi",160
"569","b 4 2 D1 5","b",4,2,"D1",5,"rainout","mofi",198
"570","b 4 2 D4 1","b",4,2,"D4",1,"biomass","sonu",382
"571","b 4 2 D4 2","b",4,2,"D4",2,"biomass","sonu",408
"572","b 4 2 D4 3","b",4,2,"D4",3,"biomass","sonu",401
"573","b 4 2 D4 4","b",4,2,"D4",4,"biomass","sonu",395
"574","b 4 2 D4 5","b",4,2,"D4",5,"biomass","sonu",389
"575","b 4 2 D4 1","b",4,2,"D4",1,"biomass","ange",433
"576","b 4 2 D4 2","b",4,2,"D4",2,"biomass","ange",363
"577","b 4 2 D4 3","b",4,2,"D4",3,"biomass","ange",313
"578","b 4 2 D4 4","b",4,2,"D4",4,"biomass","ange",389
"579","b 4 2 D4 5","b",4,2,"D4",5,"biomass","ange",351
"580","b 4 2 D4 1","b",4,2,"D4",1,"biomass","solidago",135
"581","b 4 2 D4 2","b",4,2,"D4",2,"biomass","solidago",135
"582","b 4 2 D4 3","b",4,2,"D4",3,"biomass","solidago",306
"583","b 4 2 D4 4","b",4,2,"D4",4,"biomass","solidago",NA
"584","b 4 2 D4 5","b",4,2,"D4",5,"biomass","solidago",NA
"585","b 4 2 D4 1","b",4,2,"D4",1,"biomass","glyle",217
"586","b 4 2 D4 2","b",4,2,"D4",2,"biomass","glyle",141
"587","b 4 2 D4 3","b",4,2,"D4",3,"biomass","glyle",148
"588","b 4 2 D4 4","b",4,2,"D4",4,"biomass","glyle",122
"589","b 4 2 D4 5","b",4,2,"D4",5,"biomass","glyle",116
"590","b 4 2 D3 1","b",4,2,"D3",1,"biomass_nitrogen","ange",382
"591","b 4 2 D3 2","b",4,2,"D3",2,"biomass_nitrogen","ange",370
"592","b 4 2 D3 3","b",4,2,"D3",3,"biomass_nitrogen","ange",408
"593","b 4 2 D3 4","b",4,2,"D3",4,"biomass_nitrogen","ange",433
"594","b 4 2 D3 5","b",4,2,"D3",5,"biomass_nitrogen","ange",446
"595","b 4 2 D3 1","b",4,2,"D3",1,"biomass_nitrogen","sonu",458
"596","b 4 2 D3 2","b",4,2,"D3",2,"biomass_nitrogen","sonu",395
"597","b 4 2 D3 3","b",4,2,"D3",3,"biomass_nitrogen","sonu",401
"598","b 4 2 D3 4","b",4,2,"D3",4,"biomass_nitrogen","sonu",420
"599","b 4 2 D3 5","b",4,2,"D3",5,"biomass_nitrogen","sonu",338
"600","b 4 2 D3 1","b",4,2,"D3",1,"biomass_nitrogen","glyle",294
"601","b 4 2 D3 2","b",4,2,"D3",2,"biomass_nitrogen","glyle",173
"602","b 4 2 D3 3","b",4,2,"D3",3,"biomass_nitrogen","glyle",160
"603","b 4 2 D3 4","b",4,2,"D3",4,"biomass_nitrogen","glyle",NA
"604","b 4 2 D3 5","b",4,2,"D3",5,"biomass_nitrogen","glyle",NA
"605","b 4 2 D3 1","b",4,2,"D3",1,"biomass_nitrogen","mofi",53
"606","b 4 2 D3 2","b",4,2,"D3",2,"biomass_nitrogen","mofi",129
"607","b 4 2 D3 3","b",4,2,"D3",3,"biomass_nitrogen","mofi",141
"608","b 4 2 D3 4","b",4,2,"D3",4,"biomass_nitrogen","mofi",129
"609","b 4 2 D3 5","b",4,2,"D3",5,"biomass_nitrogen","mofi",135
"610","b 4 2 C2 1","b",4,2,"C2",1,"control","ange",281
"611","b 4 2 C2 2","b",4,2,"C2",2,"control","ange",414
"612","b 4 2 C2 3","b",4,2,"C2",3,"control","ange",313
"613","b 4 2 C2 4","b",4,2,"C2",4,"control","ange",294
"614","b 4 2 C2 5","b",4,2,"C2",5,"control","ange",275
"615","b 4 2 C2 1","b",4,2,"C2",1,"control","glyle",294
"616","b 4 2 C2 2","b",4,2,"C2",2,"control","glyle",332
"617","b 4 2 C2 3","b",4,2,"C2",3,"control","glyle",300
"618","b 4 2 C2 4","b",4,2,"C2",4,"control","glyle",300
"619","b 4 2 C2 5","b",4,2,"C2",5,"control","glyle",306
"620","b 4 2 C2 1","b",4,2,"C2",1,"control","sonu",363
"621","b 4 2 C2 2","b",4,2,"C2",2,"control","sonu",319
"622","b 4 2 C2 3","b",4,2,"C2",3,"control","sonu",427
"623","b 4 2 C2 4","b",4,2,"C2",4,"control","sonu",446
"624","b 4 2 C2 5","b",4,2,"C2",5,"control","sonu",458
"625","b 4 2 C2 1","b",4,2,"C2",1,"control","hemax",313
"626","b 4 2 C2 2","b",4,2,"C2",2,"control","hemax",287
"627","b 4 2 C2 3","b",4,2,"C2",3,"control","hemax",275
"628","b 4 2 C2 4","b",4,2,"C2",4,"control","hemax",306
"629","b 4 2 C2 5","b",4,2,"C2",5,"control","hemax",351
"630","b 4 2 C2 1","b",4,2,"C2",1,"control","mofi",179
"631","b 4 2 C2 2","b",4,2,"C2",2,"control","mofi",129
"632","b 4 2 C2 3","b",4,2,"C2",3,"control","mofi",135
"633","b 4 2 C2 4","b",4,2,"C2",4,"control","mofi",135
"634","b 4 2 C2 5","b",4,2,"C2",5,"control","mofi",141
"635","b  4 2 D2 1","b ",4,2,"D2",1,"nitrogen","sonu",522
"636","b  4 2 D2 2","b ",4,2,"D2",2,"nitrogen","sonu",401
"637","b  4 2 D2 3","b ",4,2,"D2",3,"nitrogen","sonu",427
"638","b  4 2 D2 4","b ",4,2,"D2",4,"nitrogen","sonu",439
"639","b  4 2 D2 5","b ",4,2,"D2",5,"nitrogen","sonu",433
"640","b  4 2 D2 1","b ",4,2,"D2",1,"nitrogen","glyle",268
"641","b  4 2 D2 2","b ",4,2,"D2",2,"nitrogen","glyle",287
"642","b  4 2 D2 3","b ",4,2,"D2",3,"nitrogen","glyle",217
"643","b  4 2 D2 4","b ",4,2,"D2",4,"nitrogen","glyle",281
"644","b  4 2 D2 5","b ",4,2,"D2",5,"nitrogen","glyle",338
"645","b  4 2 D2 1","b ",4,2,"D2",1,"nitrogen","ange",458
"646","b  4 2 D2 2","b ",4,2,"D2",2,"nitrogen","ange",414
"647","b  4 2 D2 3","b ",4,2,"D2",3,"nitrogen","ange",344
"648","b  4 2 D2 4","b ",4,2,"D2",4,"nitrogen","ange",439
"649","b  4 2 D2 5","b ",4,2,"D2",5,"nitrogen","ange",370
"650","b  4 2 D2 1","b ",4,2,"D2",1,"nitrogen","solidago",332
"651","b  4 2 D2 2","b ",4,2,"D2",2,"nitrogen","solidago",370
"652","b  4 2 D2 3","b ",4,2,"D2",3,"nitrogen","solidago",281
"653","b  4 2 D2 4","b ",4,2,"D2",4,"nitrogen","solidago",275
"654","b  4 2 D2 5","b ",4,2,"D2",5,"nitrogen","solidago",205
"655","c 4 1 D1 1","c",4,1,"D1",1,"nitrogen","solidago",211
"656","c 4 1 D1 2","c",4,1,"D1",2,"nitrogen","solidago",255
"657","c 4 1 D1 3","c",4,1,"D1",3,"nitrogen","solidago",198
"658","c 4 1 D1 4","c",4,1,"D1",4,"nitrogen","solidago",255
"659","c 4 1 D1 5","c",4,1,"D1",5,"nitrogen","solidago",211
"660","c 4 1 D1 1","c",4,1,"D1",1,"nitrogen","ange",255
"661","c 4 1 D1 2","c",4,1,"D1",2,"nitrogen","ange",408
"662","c 4 1 D1 3","c",4,1,"D1",3,"nitrogen","ange",357
"663","c 4 1 D1 4","c",4,1,"D1",4,"nitrogen","ange",376
"664","c 4 1 D1 5","c",4,1,"D1",5,"nitrogen","ange",408
"665","c 4 1 D1 1","c",4,1,"D1",1,"nitrogen","hemax",351
"666","c 4 1 D1 2","c",4,1,"D1",2,"nitrogen","hemax",351
"667","c 4 1 D1 3","c",4,1,"D1",3,"nitrogen","hemax",319
"668","c 4 1 D1 4","c",4,1,"D1",4,"nitrogen","hemax",325
"669","c 4 1 D1 5","c",4,1,"D1",5,"nitrogen","hemax",389
"670","c 4 1 D4 1","c",4,1,"D4",1,"biomass_nitrogen","ange",388
"671","c 4 1 D4 2","c",4,1,"D4",2,"biomass_nitrogen","ange",376
"672","c 4 1 D4 3","c",4,1,"D4",3,"biomass_nitrogen","ange",382
"673","c 4 1 D4 4","c",4,1,"D4",4,"biomass_nitrogen","ange",244
"674","c 4 1 D4 5","c",4,1,"D4",5,"biomass_nitrogen","ange",414
"675","c 4 1 D3 1","c",4,1,"D3",1,"biomass","ange",427
"676","c 4 1 D3 2","c",4,1,"D3",2,"biomass","ange",363
"677","c 4 1 D3 3","c",4,1,"D3",3,"biomass","ange",338
"678","c 4 1 D3 4","c",4,1,"D3",4,"biomass","ange",370
"679","c 4 1 D3 5","c",4,1,"D3",5,"biomass","ange",414
"680","c 4 1 D3 1","c",4,1,"D3",1,"biomass","solidago",173
"681","c 4 1 D3 2","c",4,1,"D3",2,"biomass","solidago",198
"682","c 4 1 D3 3","c",4,1,"D3",3,"biomass","solidago",NA
"683","c 4 1 D3 4","c",4,1,"D3",4,"biomass","solidago",NA
"684","c 4 1 D3 5","c",4,1,"D3",5,"biomass","solidago",NA
"685","c 4 1 D2 1","c",4,1,"D2",1,"rainout","hemax",351
"686","c 4 1 D2 2","c",4,1,"D2",2,"rainout","hemax",376
"687","c 4 1 D2 3","c",4,1,"D2",3,"rainout","hemax",414
"688","c 4 1 D2 4","c",4,1,"D2",4,"rainout","hemax",351
"689","c 4 1 D2 5","c",4,1,"D2",5,"rainout","hemax",376
"690","c 4 1 D2 1","c",4,1,"D2",1,"rainout","ange",287
"691","c 4 1 D2 2","c",4,1,"D2",2,"rainout","ange",294
"692","c 4 1 D2 3","c",4,1,"D2",3,"rainout","ange",414
"693","c 4 1 D2 4","c",4,1,"D2",4,"rainout","ange",363
"694","c 4 1 D2 5","c",4,1,"D2",5,"rainout","ange",389
"695","c 4 1 D2 1","c",4,1,"D2",1,"rainout","solidago",306
"696","c 4 1 D2 2","c",4,1,"D2",2,"rainout","solidago",287
"697","c 4 1 D2 3","c",4,1,"D2",3,"rainout","solidago",325
"698","c 4 1 D2 4","c",4,1,"D2",4,"rainout","solidago",306
"699","c 4 1 D2 5","c",4,1,"D2",5,"rainout","solidago",248
"700","c 4 1 C1 1","c",4,1,"C1",1,"control","solidago",224
"701","c 4 1 C1 2","c",4,1,"C1",2,"control","solidago",268
"702","c 4 1 C1 3","c",4,1,"C1",3,"control","solidago",300
"703","c 4 1 C1 4","c",4,1,"C1",4,"control","solidago",275
"704","c 4 1 C1 5","c",4,1,"C1",5,"control","solidago",224
"705","c 4 1 C1 1","c",4,1,"C1",1,"control","ange",332
"706","c 4 1 C1 2","c",4,1,"C1",2,"control","ange",395
"707","c 4 1 C1 3","c",4,1,"C1",3,"control","ange",249
"708","c 4 1 C1 4","c",4,1,"C1",4,"control","ange",389
"709","c 4 1 C1 5","c",4,1,"C1",5,"control","ange",344
"710","c 4 1 C2 1","c",4,1,"C2",1,"control","solidago",160
"711","c 4 1 C2 2","c",4,1,"C2",2,"control","solidago",141
"712","c 4 1 C2 3","c",4,1,"C2",3,"control","solidago",255
"713","c 4 1 C2 4","c",4,1,"C2",4,"control","solidago",300
"714","c 4 1 C2 5","c",4,1,"C2",5,"control","solidago",255
"715","c 4 1 C2 1","c",4,1,"C2",1,"control","ange",167
"716","c 4 1 C2 2","c",4,1,"C2",2,"control","ange",281
"717","c 4 1 C2 3","c",4,1,"C2",3,"control","ange",275
"718","c 4 1 C2 4","c",4,1,"C2",4,"control","ange",287
"719","c 4 1 C2 5","c",4,1,"C2",5,"control","ange",268
