"","site","year","block","level","diversity","transect","quadrat","treat","bare","litter"
"1","2015 a  4 1 O1 1",2015,"a",4,1,"O1",1,"no",1,0
"2","2015 a  4 1 O1 2",2015,"a",4,1,"O1",2,"no",3,0
"3","2015 a  4 1 O1 3",2015,"a",4,1,"O1",3,"no",3,1
"4","2015 a  4 1 O1 4",2015,"a",4,1,"O1",4,"no",2,1
"5","2015 a  4 1 O1 5",2015,"a",4,1,"O1",5,"no",0,0
"6","2015 a  4 1 O1 6",2015,"a",4,1,"O1",6,"no",0,0
"7","2015 a  4 1 O1 7",2015,"a",4,1,"O1",7,"no",2,0
"8","2015 a  4 1 O2 1",2015,"a",4,1,"O2",1,"no",2,0
"9","2015 a  4 1 O2 2",2015,"a",4,1,"O2",2,"no",0,0
"10","2015 a  4 1 O2 3",2015,"a",4,1,"O2",3,"no",1,0
"11","2015 a  4 1 O2 4",2015,"a",4,1,"O2",4,"no",1,0
"12","2015 a  4 1 O2 5",2015,"a",4,1,"O2",5,"no",2,0
"13","2015 a  4 1 O2 6",2015,"a",4,1,"O2",6,"no",3,0
"14","2015 a  4 1 O2 7",2015,"a",4,1,"O2",7,"no",1,0
"15","2015 a  4 1 O2 8",2015,"a",4,1,"O2",8,"no",0,0
"16","2015 a  4 1 O3 1",2015,"a",4,1,"O3",1,"no",1,0
"17","2015 a  4 1 O3 2",2015,"a",4,1,"O3",2,"no",3,0
"18","2015 a  4 1 O3 3",2015,"a",4,1,"O3",3,"no",4,0
"19","2015 a  4 1 O3 4",2015,"a",4,1,"O3",4,"no",4,1
"20","2015 a  4 1 O3 5",2015,"a",4,1,"O3",5,"no",1,0
"21","2015 a  4 1 O3 6",2015,"a",4,1,"O3",6,"no",2,0
"22","2015 a  4 1 O3 7",2015,"a",4,1,"O3",7,"no",0,0
"23","2015 a  4 1 O4 1",2015,"a",4,1,"O4",1,"no",3,0
"24","2015 a  4 1 O4 2",2015,"a",4,1,"O4",2,"no",0,0
"25","2015 a  4 1 O4 3",2015,"a",4,1,"O4",3,"no",3,0
"26","2015 a  4 1 O4 4",2015,"a",4,1,"O4",4,"no",2,0
"27","2015 a  4 1 O4 5",2015,"a",4,1,"O4",5,"no",2,0
"28","2015 a  4 1 O4 6",2015,"a",4,1,"O4",6,"no",3,0
"29","2015 a  4 1 O4 7",2015,"a",4,1,"O4",7,"no",2,0
"30","2015 a  4 1 O4 8",2015,"a",4,1,"O4",8,"no",0,0
"31","2015 a  4 1 O5 4",2015,"a",4,1,"O5",4,"no",0,0
"32","2015 a 1 2 O1 1",2015,"a",1,2,"O1",1,"no",1,0
"33","2015 a 1 2 O1 2",2015,"a",1,2,"O1",2,"no",0,0
"34","2015 a 1 2 O1 3",2015,"a",1,2,"O1",3,"no",1,0
"35","2015 a 1 2 O1 4",2015,"a",1,2,"O1",4,"no",0,0
"36","2015 a 1 2 O2 1",2015,"a",1,2,"O2",1,"no",1,0
"37","2015 a 1 2 O2 2",2015,"a",1,2,"O2",2,"no",0,0
"38","2015 a 1 2 O2 3",2015,"a",1,2,"O2",3,"no",0,0
"39","2015 a 1 2 O2 4",2015,"a",1,2,"O2",4,"no",1,0
"40","2015 a 1 2 O2 5",2015,"a",1,2,"O2",5,"no",1,0
"41","2015 a 1 2 O2 6",2015,"a",1,2,"O2",6,"no",4,0
"42","2015 a 1 2 O2 7",2015,"a",1,2,"O2",7,"no",3,0
"43","2015 a 1 2 O2 8",2015,"a",1,2,"O2",8,"no",0,0
"44","2015 a 1 2 O3 1",2015,"a",1,2,"O3",1,"no",2,0
"45","2015 a 1 2 O3 2",2015,"a",1,2,"O3",2,"no",0,0
"46","2015 a 1 2 O3 3",2015,"a",1,2,"O3",3,"no",2,0
"47","2015 a 1 2 O3 4",2015,"a",1,2,"O3",4,"no",0,0
"48","2015 a 1 2 O3 5",2015,"a",1,2,"O3",5,"no",2,0
"49","2015 a 1 2 O3 6",2015,"a",1,2,"O3",6,"no",0,0
"50","2015 a 1 2 O3 7",2015,"a",1,2,"O3",7,"no",1,0
"51","2015 a 1 2 O3 8",2015,"a",1,2,"O3",8,"no",1,0
"52","2015 a 1 2 O4 1",2015,"a",1,2,"O4",1,"no",3,0
"53","2015 a 1 2 O4 2",2015,"a",1,2,"O4",2,"no",0,0
"54","2015 a 1 2 O4 3",2015,"a",1,2,"O4",3,"no",1,0
"55","2015 a 1 2 O4 4",2015,"a",1,2,"O4",4,"no",1,0
"56","2015 a 1 2 O4 5",2015,"a",1,2,"O4",5,"no",1,0
"57","2015 a 1 2 O4 6",2015,"a",1,2,"O4",6,"no",1,0
"58","2015 a 1 2 O4 7",2015,"a",1,2,"O4",7,"no",1,0
"59","2015 a 1 2 O4 8",2015,"a",1,2,"O4",8,"no",1,0
"60","2015 a 3 2 C1 1",2015,"a",3,2,"C1",1,"control",1,0
"61","2015 a 3 2 C1 7",2015,"a",3,2,"C1",7,"control",3,0
"62","2015 a 3 2 C2 2",2015,"a",3,2,"C2",2,"control",2,0
"63","2015 a 3 2 C2 4",2015,"a",3,2,"C2",4,"control",0,0
"64","2015 a 3 2 C2 5",2015,"a",3,2,"C2",5,"control",1,0
"65","2015 a 3 2 C2 6",2015,"a",3,2,"C2",6,"control",1,0
"66","2015 a 3 2 D1 4",2015,"a",3,2,"D1",4,"biomass",2.5,1
"67","2015 a 3 2 D1 5",2015,"a",3,2,"D1",5,"biomass",2,1
"68","2015 a 3 2 D1 6",2015,"a",3,2,"D1",6,"biomass",0,0
"69","2015 a 3 2 D1 7",2015,"a",3,2,"D1",7,"biomass",3,2
"70","2015 a 3 2 D2 1",2015,"a",3,2,"D2",1,"biomass_nitrogen",4,0
"71","2015 a 3 2 D2 5",2015,"a",3,2,"D2",5,"biomass_nitrogen",3,0
"72","2015 a 3 2 D2 6",2015,"a",3,2,"D2",6,"biomass_nitrogen",2,0
"73","2015 a 3 2 D2 7",2015,"a",3,2,"D2",7,"biomass_nitrogen",3,0
"74","2015 a 3 2 D3 2",2015,"a",3,2,"D3",2,"nitrogen",3,0
"75","2015 a 3 2 D3 5",2015,"a",3,2,"D3",5,"nitrogen",1,0
"76","2015 a 3 2 D3 6",2015,"a",3,2,"D3",6,"nitrogen",2,0
"77","2015 a 3 2 D3 7",2015,"a",3,2,"D3",7,"nitrogen",2,0
"78","2015 a 3 2 D4 2",2015,"a",3,2,"D4",2,"rainout",3,0
"79","2015 a 3 2 D4 3",2015,"a",3,2,"D4",3,"rainout",3,0
"80","2015 a 3 2 D4 6",2015,"a",3,2,"D4",6,"rainout",2,1
"81","2015 a 3 2 D4 8",2015,"a",3,2,"D4",8,"rainout",4,0
"82","2015 a 3 2 O1 1",2015,"a",3,2,"O1",1,"no",3,0
"83","2015 a 3 2 O1 2",2015,"a",3,2,"O1",2,"no",1,0
"84","2015 a 3 2 O1 3",2015,"a",3,2,"O1",3,"no",1,0
"85","2015 a 3 2 O1 4",2015,"a",3,2,"O1",4,"no",0,0
"86","2015 a 3 2 O1 5",2015,"a",3,2,"O1",5,"no",1,0
"87","2015 a 3 2 O1 6",2015,"a",3,2,"O1",6,"no",1,0
"88","2015 a 3 2 O1 7",2015,"a",3,2,"O1",7,"no",1,0
"89","2015 a 3 2 O1 8",2015,"a",3,2,"O1",8,"no",1,0
"90","2015 a 3 2 O2 1",2015,"a",3,2,"O2",1,"no",2,0
"91","2015 a 3 2 O2 2",2015,"a",3,2,"O2",2,"no",1,0
"92","2015 a 3 2 O2 3",2015,"a",3,2,"O2",3,"no",3,0
"93","2015 a 3 2 O2 4",2015,"a",3,2,"O2",4,"no",2,0
"94","2015 a 3 2 O2 5",2015,"a",3,2,"O2",5,"no",2,1
"95","2015 a 3 2 O2 6",2015,"a",3,2,"O2",6,"no",2,0
"96","2015 a 3 2 O2 7",2015,"a",3,2,"O2",7,"no",4,0
"97","2015 a 3 2 O2 8",2015,"a",3,2,"O2",8,"no",0,0
"98","2015 a 3 2 O3 1",2015,"a",3,2,"O3",1,"no",4,0
"99","2015 a 3 2 O3 2",2015,"a",3,2,"O3",2,"no",3,0
"100","2015 a 3 2 O3 3",2015,"a",3,2,"O3",3,"no",4,0
"101","2015 a 3 2 O3 4",2015,"a",3,2,"O3",4,"no",2,0
"102","2015 a 3 2 O3 5",2015,"a",3,2,"O3",5,"no",2,0
"103","2015 a 3 2 O3 6",2015,"a",3,2,"O3",6,"no",2,0
"104","2015 a 3 2 O3 7",2015,"a",3,2,"O3",7,"no",3,0
"105","2015 a 3 2 O3 8",2015,"a",3,2,"O3",8,"no",1,0
"106","2015 a 3 2 O4 1",2015,"a",3,2,"O4",1,"no",2,0
"107","2015 a 3 2 O4 2",2015,"a",3,2,"O4",2,"no",3,0
"108","2015 a 3 2 O4 3",2015,"a",3,2,"O4",3,"no",0,0
"109","2015 a 3 2 O4 4",2015,"a",3,2,"O4",4,"no",3,0
"110","2015 a 3 2 O4 5",2015,"a",3,2,"O4",5,"no",1,0
"111","2015 a 3 2 O4 6",2015,"a",3,2,"O4",6,"no",1,0
"112","2015 a 3 2 O4 7",2015,"a",3,2,"O4",7,"no",3,0
"113","2015 a 3 2 O4 8",2015,"a",3,2,"O4",8,"no",1,0
"114","2015 a 4 1 C1 1",2015,"a",4,1,"C1",1,"control",3,0
"115","2015 a 4 1 C1 2",2015,"a",4,1,"C1",2,"control",2,0
"116","2015 a 4 1 C1 3",2015,"a",4,1,"C1",3,"control",3,0
"117","2015 a 4 1 C2 1",2015,"a",4,1,"C2",1,"control",3,0
"118","2015 a 4 1 C2 2",2015,"a",4,1,"C2",2,"control",3,0
"119","2015 a 4 1 C2 3",2015,"a",4,1,"C2",3,"control",3,0
"120","2015 a 4 1 D1 1",2015,"a",4,1,"D1",1,"nitrogen",3,0
"121","2015 a 4 1 D1 2",2015,"a",4,1,"D1",2,"nitrogen",3,0
"122","2015 a 4 1 D1 3",2015,"a",4,1,"D1",3,"nitrogen",2,0
"123","2015 a 4 1 D2 1",2015,"a",4,1,"D2",1,"rainout",2,0
"124","2015 a 4 1 D2 2",2015,"a",4,1,"D2",2,"rainout",2,0
"125","2015 a 4 1 D2 3",2015,"a",4,1,"D2",3,"rainout",2,0
"126","2015 a 4 1 D3 1",2015,"a",4,1,"D3",1,"biomass_nitrogen",2,1
"127","2015 a 4 1 D3 2",2015,"a",4,1,"D3",2,"biomass_nitrogen",3,1
"128","2015 a 4 1 D3 3",2015,"a",4,1,"D3",3,"biomass_nitrogen",2,0
"129","2015 a 4 1 D4 1",2015,"a",4,1,"D4",1,"biomass",3,1
"130","2015 a 4 1 D4 2",2015,"a",4,1,"D4",2,"biomass",4,0
"131","2015 a 4 1 D4 3",2015,"a",4,1,"D4",3,"biomass",0,0
"132","2015 b  2 1 O1 1",2015,"b",2,1,"O1",1,"no",1,0
"133","2015 b  2 1 O1 2",2015,"b",2,1,"O1",2,"no",0,0
"134","2015 b  2 1 O1 3",2015,"b",2,1,"O1",3,"no",2,0
"135","2015 b  2 1 O1 4",2015,"b",2,1,"O1",4,"no",3,0
"136","2015 b  2 1 O1 5",2015,"b",2,1,"O1",5,"no",1,0
"137","2015 b  2 1 O1 6",2015,"b",2,1,"O1",6,"no",1,0
"138","2015 b  2 1 O1 7",2015,"b",2,1,"O1",7,"no",1,0
"139","2015 b  2 1 O1 8",2015,"b",2,1,"O1",8,"no",0,0
"140","2015 b  2 1 O2 1",2015,"b",2,1,"O2",1,"no",1,0
"141","2015 b  2 1 O2 2",2015,"b",2,1,"O2",2,"no",0,0
"142","2015 b  2 1 O2 3",2015,"b",2,1,"O2",3,"no",1,0
"143","2015 b  2 1 O2 4",2015,"b",2,1,"O2",4,"no",1,0
"144","2015 b  2 1 O2 5",2015,"b",2,1,"O2",5,"no",0,0
"145","2015 b  2 1 O2 6",2015,"b",2,1,"O2",6,"no",0,0
"146","2015 b  2 1 O2 7",2015,"b",2,1,"O2",7,"no",0,0
"147","2015 b  2 1 O2 8",2015,"b",2,1,"O2",8,"no",1,0
"148","2015 b  2 1 O3 1",2015,"b",2,1,"O3",1,"no",2,0
"149","2015 b  2 1 O3 2",2015,"b",2,1,"O3",2,"no",0,6
"150","2015 b  2 1 O3 3",2015,"b",2,1,"O3",3,"no",2,0
"151","2015 b  2 1 O3 4",2015,"b",2,1,"O3",4,"no",2,0
"152","2015 b  2 1 O3 5",2015,"b",2,1,"O3",5,"no",1,0
"153","2015 b  2 1 O3 6",2015,"b",2,1,"O3",6,"no",1,0
"154","2015 b  2 1 O3 7",2015,"b",2,1,"O3",7,"no",0,0
"155","2015 b  2 1 O3 8",2015,"b",2,1,"O3",8,"no",0,0
"156","2015 b  2 1 O4 1",2015,"b",2,1,"O4",1,"no",2,0
"157","2015 b  2 1 O4 2",2015,"b",2,1,"O4",2,"no",1,0
"158","2015 b  2 1 O4 3",2015,"b",2,1,"O4",3,"no",1,0
"159","2015 b  2 1 O4 4",2015,"b",2,1,"O4",4,"no",1,0
"160","2015 b  2 1 O4 5",2015,"b",2,1,"O4",5,"no",2,1
"161","2015 b  2 1 O4 6",2015,"b",2,1,"O4",6,"no",2,1
"162","2015 b  2 1 O4 7",2015,"b",2,1,"O4",7,"no",1,0
"163","2015 b  2 1 O4 8",2015,"b",2,1,"O4",8,"no",1,0
"164","2015 b 2 1 C1 1",2015,"b",2,1,"C1",1,"control",0,0
"165","2015 b 2 1 C1 2",2015,"b",2,1,"C1",2,"control",3,0
"166","2015 b 2 1 C1 3",2015,"b",2,1,"C1",3,"control",3,1
"167","2015 b 2 1 C2 1",2015,"b",2,1,"C2",1,"control",2,0
"168","2015 b 2 1 C2 2",2015,"b",2,1,"C2",2,"control",3,1
"169","2015 b 2 1 C2 3",2015,"b",2,1,"C2",3,"control",2,0
"170","2015 b 2 1 D1 1",2015,"b",2,1,"D1",1,"biomass",2,0
"171","2015 b 2 1 D1 2",2015,"b",2,1,"D1",2,"biomass",1,0
"172","2015 b 2 1 D1 3",2015,"b",2,1,"D1",3,"biomass",2,1
"173","2015 b 2 1 D2 1",2015,"b",2,1,"D2",1,"biomass_nitrogen",2,1
"174","2015 b 2 1 D2 2",2015,"b",2,1,"D2",2,"biomass_nitrogen",2,0
"175","2015 b 2 1 D2 3",2015,"b",2,1,"D2",3,"biomass_nitrogen",2,1
"176","2015 b 2 1 D3 1",2015,"b",2,1,"D3",1,"nitrogen",1,0
"177","2015 b 2 1 D3 2",2015,"b",2,1,"D3",2,"nitrogen",0,0
"178","2015 b 2 1 D3 3",2015,"b",2,1,"D3",3,"nitrogen",1,0
"179","2015 b 2 1 D4 1",2015,"b",2,1,"D4",1,"rainout",2,0
"180","2015 b 2 1 D4 2",2015,"b",2,1,"D4",2,"rainout",0,1
"181","2015 b 2 1 D4 3",2015,"b",2,1,"D4",3,"rainout",3,0
"182","2015 b 4 2 C1 2",2015,"b",4,2,"C1",2,"control",2,0
"183","2015 b 4 2 C1 4",2015,"b",4,2,"C1",4,"control",2,0
"184","2015 b 4 2 C1 5",2015,"b",4,2,"C1",5,"control",1,0
"185","2015 b 4 2 C1 8",2015,"b",4,2,"C1",8,"control",2,0
"186","2015 b 4 2 D1 4",2015,"b",4,2,"D1",4,"rainout",2.666667,1.5
"187","2015 b 4 2 D1 5",2015,"b",4,2,"D1",5,"rainout",3,2
"188","2015 b 4 2 D2 1",2015,"b",4,2,"D2",1,"nitrogen",1,0
"189","2015 b 4 2 D2 2",2015,"b",4,2,"D2",2,"nitrogen",2,1
"190","2015 b 4 2 D2 5",2015,"b",4,2,"D2",5,"nitrogen",0,0
"191","2015 b 4 2 D2 7",2015,"b",4,2,"D2",7,"nitrogen",3,0
"192","2015 b 4 2 D2 8",2015,"b",4,2,"D2",8,"nitrogen",2,1
"193","2015 b 4 2 D3 1",2015,"b",4,2,"D3",1,"biomass_nitrogen",2,0
"194","2015 b 4 2 D3 4",2015,"b",4,2,"D3",4,"biomass_nitrogen",1,0
"195","2015 b 4 2 D3 5",2015,"b",4,2,"D3",5,"biomass_nitrogen",2,0
"196","2015 b 4 2 D3 6",2015,"b",4,2,"D3",6,"biomass_nitrogen",3,0
"197","2015 b 4 2 D4 3",2015,"b",4,2,"D4",3,"biomass",1,0
"198","2015 b 4 2 D4 4",2015,"b",4,2,"D4",4,"biomass",1,0
"199","2015 b 4 2 D4 5",2015,"b",4,2,"D4",5,"biomass",3,0
"200","2015 b 4 2 O1 1",2015,"b",4,2,"O1",1,"no",1,0
"201","2015 b 4 2 O1 2",2015,"b",4,2,"O1",2,"no",2,0
"202","2015 b 4 2 O1 3",2015,"b",4,2,"O1",3,"no",3,0
"203","2015 b 4 2 O1 4",2015,"b",4,2,"O1",4,"no",1,0
"204","2015 b 4 2 O1 5",2015,"b",4,2,"O1",5,"no",2,0
"205","2015 b 4 2 O1 6",2015,"b",4,2,"O1",6,"no",4,0
"206","2015 b 4 2 O1 7",2015,"b",4,2,"O1",7,"no",0,0
"207","2015 b 4 2 O1 8",2015,"b",4,2,"O1",8,"no",2,0
"208","2015 b 4 2 O2 1",2015,"b",4,2,"O2",1,"no",0,0
"209","2015 b 4 2 O2 2",2015,"b",4,2,"O2",2,"no",1,0
"210","2015 b 4 2 O2 3",2015,"b",4,2,"O2",3,"no",3,0
"211","2015 b 4 2 O2 4",2015,"b",4,2,"O2",4,"no",2,0
"212","2015 b 4 2 O2 5",2015,"b",4,2,"O2",5,"no",3,0
"213","2015 b 4 2 O2 6",2015,"b",4,2,"O2",6,"no",1,0
"214","2015 b 4 2 O2 7",2015,"b",4,2,"O2",7,"no",2,0
"215","2015 b 4 2 O2 8",2015,"b",4,2,"O2",8,"no",0,0
"216","2015 b 4 2 O3 1",2015,"b",4,2,"O3",1,"no",1,0
"217","2015 b 4 2 O3 2",2015,"b",4,2,"O3",2,"no",4,0
"218","2015 b 4 2 O3 3",2015,"b",4,2,"O3",3,"no",1,0
"219","2015 b 4 2 O3 4",2015,"b",4,2,"O3",4,"no",2,0
"220","2015 b 4 2 O3 5",2015,"b",4,2,"O3",5,"no",2,0
"221","2015 b 4 2 O3 6",2015,"b",4,2,"O3",6,"no",3,0
"222","2015 b 4 2 O3 7",2015,"b",4,2,"O3",7,"no",2,0
"223","2015 b 4 2 O3 8",2015,"b",4,2,"O3",8,"no",1,0
"224","2015 b 4 2 O4 1",2015,"b",4,2,"O4",1,"no",0,0
"225","2015 b 4 2 O4 2",2015,"b",4,2,"O4",2,"no",1,0
"226","2015 b 4 2 O4 3",2015,"b",4,2,"O4",3,"no",0,0
"227","2015 b 4 2 O4 4",2015,"b",4,2,"O4",4,"no",0,0
"228","2015 b 4 2 O4 5",2015,"b",4,2,"O4",5,"no",3,0
"229","2015 b 4 2 O4 6",2015,"b",4,2,"O4",6,"no",1,0
"230","2015 b 4 2 O4 7",2015,"b",4,2,"O4",7,"no",0,0
"231","2015 b 4 2 O4 8",2015,"b",4,2,"O4",8,"no",2,0
"232","2015 c  1 1 O1 1",2015,"c",1,1,"O1",1,"no",0,0
"233","2015 c  1 1 O1 2",2015,"c",1,1,"O1",2,"no",2,0
"234","2015 c  1 1 O1 3",2015,"c",1,1,"O1",3,"no",0,0
"235","2015 c  1 1 O1 4",2015,"c",1,1,"O1",4,"no",0,0
"236","2015 c  1 1 O1 5",2015,"c",1,1,"O1",5,"no",0,0
"237","2015 c  1 1 O1 6",2015,"c",1,1,"O1",6,"no",0,4
"238","2015 c  1 1 O1 7",2015,"c",1,1,"O1",7,"no",1,0
"239","2015 c  1 1 O1 8",2015,"c",1,1,"O1",8,"no",0,0
"240","2015 c  1 1 O2 1",2015,"c",1,1,"O2",1,"no",0,0
"241","2015 c  1 1 O2 2",2015,"c",1,1,"O2",2,"no",1,0
"242","2015 c  1 1 O2 3",2015,"c",1,1,"O2",3,"no",0,0
"243","2015 c  1 1 O2 4",2015,"c",1,1,"O2",4,"no",0,0
"244","2015 c  1 1 O2 5",2015,"c",1,1,"O2",5,"no",0,0
"245","2015 c  1 1 O2 6",2015,"c",1,1,"O2",6,"no",2,0
"246","2015 c  1 1 O2 7",2015,"c",1,1,"O2",7,"no",0,0
"247","2015 c  1 1 O2 8",2015,"c",1,1,"O2",8,"no",2,0
"248","2015 c  1 1 O3 1",2015,"c",1,1,"O3",1,"no",0,0
"249","2015 c  1 1 O3 2",2015,"c",1,1,"O3",2,"no",2,0
"250","2015 c  1 1 O3 3",2015,"c",1,1,"O3",3,"no",0,5
"251","2015 c  1 1 O3 4",2015,"c",1,1,"O3",4,"no",1,0
"252","2015 c  1 1 O3 5",2015,"c",1,1,"O3",5,"no",0,0
"253","2015 c  1 1 O3 6",2015,"c",1,1,"O3",6,"no",0,0
"254","2015 c  1 1 O3 7",2015,"c",1,1,"O3",7,"no",0,0
"255","2015 c  1 1 O3 8",2015,"c",1,1,"O3",8,"no",1,0
"256","2015 c  1 1 O4 1",2015,"c",1,1,"O4",1,"no",1,0
"257","2015 c  1 1 O4 2",2015,"c",1,1,"O4",2,"no",0,0
"258","2015 c  1 1 O4 3",2015,"c",1,1,"O4",3,"no",2,0
"259","2015 c  1 1 O4 4",2015,"c",1,1,"O4",4,"no",1,0
"260","2015 c  1 1 O4 5",2015,"c",1,1,"O4",5,"no",0,0
"261","2015 c  1 1 O4 6",2015,"c",1,1,"O4",6,"no",1,0
"262","2015 c  1 1 O4 7",2015,"c",1,1,"O4",7,"no",0,0
"263","2015 c  1 1 O4 8",2015,"c",1,1,"O4",8,"no",4,3
"264","2015 c  1 1 O5 1",2015,"c",1,1,"O5",1,"no",0,0
"265","2015 c  1 1 O5 2",2015,"c",1,1,"O5",2,"no",0,0
"266","2015 c  1 1 O5 3",2015,"c",1,1,"O5",3,"no",0,0
"267","2015 c  1 1 O5 4",2015,"c",1,1,"O5",4,"no",2,0
"268","2015 c  1 1 O5 5",2015,"c",1,1,"O5",5,"no",2,0
"269","2015 c  1 1 O5 6",2015,"c",1,1,"O5",6,"no",2,0
"270","2015 c  1 1 O5 7",2015,"c",1,1,"O5",7,"no",3,0
"271","2015 c  1 1 O5 8",2015,"c",1,1,"O5",8,"no",0,0
"272","2015 c  4 1 O1 1",2015,"c",4,1,"O1",1,"no",2,0
"273","2015 c  4 1 O1 2",2015,"c",4,1,"O1",2,"no",3,1
"274","2015 c  4 1 O1 3",2015,"c",4,1,"O1",3,"no",2,0
"275","2015 c  4 1 O1 4",2015,"c",4,1,"O1",4,"no",3,0
"276","2015 c  4 1 O1 5",2015,"c",4,1,"O1",5,"no",2,0
"277","2015 c  4 1 O1 6",2015,"c",4,1,"O1",6,"no",2,1
"278","2015 c  4 1 O1 7",2015,"c",4,1,"O1",7,"no",0,4
"279","2015 c  4 1 O1 8",2015,"c",4,1,"O1",8,"no",0,0
"280","2015 c  4 1 O1 9",2015,"c",4,1,"O1",9,"no",0,0
"281","2015 c  4 1 O2 1",2015,"c",4,1,"O2",1,"no",0,4
"282","2015 c  4 1 O2 2",2015,"c",4,1,"O2",2,"no",1,0
"283","2015 c  4 1 O2 3",2015,"c",4,1,"O2",3,"no",3,0
"284","2015 c  4 1 O2 4",2015,"c",4,1,"O2",4,"no",1,0
"285","2015 c  4 1 O2 5",2015,"c",4,1,"O2",5,"no",3,1
"286","2015 c  4 1 O2 6",2015,"c",4,1,"O2",6,"no",3,0
"287","2015 c  4 1 O2 7",2015,"c",4,1,"O2",7,"no",1,0
"288","2015 c  4 1 O3 1",2015,"c",4,1,"O3",1,"no",1,0
"289","2015 c  4 1 O3 2",2015,"c",4,1,"O3",2,"no",0,0
"290","2015 c  4 1 O3 3",2015,"c",4,1,"O3",3,"no",0,1
"291","2015 c  4 1 O3 4",2015,"c",4,1,"O3",4,"no",3,1
"292","2015 c  4 1 O3 5",2015,"c",4,1,"O3",5,"no",2,0
"293","2015 c  4 1 O3 6",2015,"c",4,1,"O3",6,"no",3,0
"294","2015 c  4 1 O3 7",2015,"c",4,1,"O3",7,"no",1,0
"295","2015 c  4 1 O4 1",2015,"c",4,1,"O4",1,"no",4,0
"296","2015 c  4 1 O4 2",2015,"c",4,1,"O4",2,"no",4,0
"297","2015 c  4 1 O4 3",2015,"c",4,1,"O4",3,"no",2,0
"298","2015 c  4 1 O4 4",2015,"c",4,1,"O4",4,"no",2,0
"299","2015 c  4 1 O4 5",2015,"c",4,1,"O4",5,"no",1,0
"300","2015 c  4 1 O4 6",2015,"c",4,1,"O4",6,"no",4,0
"301","2015 c  4 1 O4 7",2015,"c",4,1,"O4",7,"no",3,0
"302","2015 c 1 1 C1 1",2015,"c",1,1,"C1",1,"control",0,0
"303","2015 c 1 1 C1 2",2015,"c",1,1,"C1",2,"control",0,0
"304","2015 c 1 1 C1 3",2015,"c",1,1,"C1",3,"control",1,0
"305","2015 c 1 1 C2 1",2015,"c",1,1,"C2",1,"control",1,0
"306","2015 c 1 1 C2 2",2015,"c",1,1,"C2",2,"control",2,0
"307","2015 c 1 1 C2 3",2015,"c",1,1,"C2",3,"control",3,0
"308","2015 c 1 1 D1 1",2015,"c",1,1,"D1",1,"biomass",0,0
"309","2015 c 1 1 D1 2",2015,"c",1,1,"D1",2,"biomass",1,0
"310","2015 c 1 1 D1 3",2015,"c",1,1,"D1",3,"biomass",0,0
"311","2015 c 1 1 D2 1",2015,"c",1,1,"D2",1,"nitrogen",3,1
"312","2015 c 1 1 D2 2",2015,"c",1,1,"D2",2,"nitrogen",1,0
"313","2015 c 1 1 D2 3",2015,"c",1,1,"D2",3,"nitrogen",2,0
"314","2015 c 1 1 D3 1",2015,"c",1,1,"D3",1,"biomass_nitrogen",0,0
"315","2015 c 1 1 D3 2",2015,"c",1,1,"D3",2,"biomass_nitrogen",0,0
"316","2015 c 1 1 D3 3",2015,"c",1,1,"D3",3,"biomass_nitrogen",2,0
"317","2015 c 1 1 D4 1",2015,"c",1,1,"D4",1,"rainout",0,0
"318","2015 c 1 1 D4 2",2015,"c",1,1,"D4",2,"rainout",1,0
"319","2015 c 1 1 D4 3",2015,"c",1,1,"D4",3,"rainout",3,0
"320","2015 c 2 2 C1 2",2015,"c",2,2,"C1",2,"control",1,0
"321","2015 c 2 2 C1 5",2015,"c",2,2,"C1",5,"control",1,0
"322","2015 c 2 2 C1 7",2015,"c",2,2,"C1",7,"control",1,0
"323","2015 c 2 2 C1 8",2015,"c",2,2,"C1",8,"control",1,0
"324","2015 c 2 2 C2 3",2015,"c",2,2,"C2",3,"control",1,0
"325","2015 c 2 2 C2 4",2015,"c",2,2,"C2",4,"control",2,0
"326","2015 c 2 2 C2 7",2015,"c",2,2,"C2",7,"control",1,0
"327","2015 c 2 2 C2 8",2015,"c",2,2,"C2",8,"control",1,0
"328","2015 c 2 2 D1 1",2015,"c",2,2,"D1",1,"biomass_nitrogen",2,1
"329","2015 c 2 2 D1 3",2015,"c",2,2,"D1",3,"biomass_nitrogen",2,1
"330","2015 c 2 2 D1 6",2015,"c",2,2,"D1",6,"biomass_nitrogen",2,0
"331","2015 c 2 2 D1 8",2015,"c",2,2,"D1",8,"biomass_nitrogen",1,0
"332","2015 c 2 2 D2 1",2015,"c",2,2,"D2",1,"biomass",2,0
"333","2015 c 2 2 D2 5",2015,"c",2,2,"D2",5,"biomass",0,0
"334","2015 c 2 2 D2 6",2015,"c",2,2,"D2",6,"biomass",2,0
"335","2015 c 2 2 D2 7",2015,"c",2,2,"D2",7,"biomass",1,0
"336","2015 c 2 2 D3 1",2015,"c",2,2,"D3",1,"nitrogen",1,0
"337","2015 c 2 2 D3 5",2015,"c",2,2,"D3",5,"nitrogen",2,0
"338","2015 c 2 2 D3 6",2015,"c",2,2,"D3",6,"nitrogen",0,0
"339","2015 c 2 2 D4 3",2015,"c",2,2,"D4",3,"rainout",1,0
"340","2015 c 2 2 D4 4",2015,"c",2,2,"D4",4,"rainout",0,0
"341","2015 c 2 2 D4 5",2015,"c",2,2,"D4",5,"rainout",2,0
"342","2015 c 2 2 D4 6",2015,"c",2,2,"D4",6,"rainout",2,0
"343","2015 c 2 2 O1 1",2015,"c",2,2,"O1",1,"no",2,0
"344","2015 c 2 2 O1 2",2015,"c",2,2,"O1",2,"no",2,0
"345","2015 c 2 2 O1 3",2015,"c",2,2,"O1",3,"no",2,0
"346","2015 c 2 2 O1 4",2015,"c",2,2,"O1",4,"no",0,0
"347","2015 c 2 2 O1 5",2015,"c",2,2,"O1",5,"no",1,0
"348","2015 c 2 2 O1 6",2015,"c",2,2,"O1",6,"no",1,0
"349","2015 c 2 2 O1 7",2015,"c",2,2,"O1",7,"no",2,0
"350","2015 c 2 2 O1 8",2015,"c",2,2,"O1",8,"no",0,0
"351","2015 c 2 2 O2 1",2015,"c",2,2,"O2",1,"no",2,0
"352","2015 c 2 2 O2 2",2015,"c",2,2,"O2",2,"no",0,0
"353","2015 c 2 2 O2 3",2015,"c",2,2,"O2",3,"no",1,0
"354","2015 c 2 2 O2 4",2015,"c",2,2,"O2",4,"no",0,0
"355","2015 c 2 2 O2 5",2015,"c",2,2,"O2",5,"no",0,0
"356","2015 c 2 2 O2 6",2015,"c",2,2,"O2",6,"no",1,0
"357","2015 c 2 2 O2 7",2015,"c",2,2,"O2",7,"no",1,0
"358","2015 c 2 2 O2 8",2015,"c",2,2,"O2",8,"no",1,0
"359","2015 c 2 2 O3 1",2015,"c",2,2,"O3",1,"no",0,0
"360","2015 c 2 2 O3 2",2015,"c",2,2,"O3",2,"no",0,0
"361","2015 c 2 2 O3 3",2015,"c",2,2,"O3",3,"no",2,0
"362","2015 c 2 2 O3 4",2015,"c",2,2,"O3",4,"no",1,0
"363","2015 c 2 2 O3 5",2015,"c",2,2,"O3",5,"no",0,0
"364","2015 c 2 2 O3 6",2015,"c",2,2,"O3",6,"no",1,1
"365","2015 c 2 2 O3 7",2015,"c",2,2,"O3",7,"no",0,0
"366","2015 c 2 2 O3 8",2015,"c",2,2,"O3",8,"no",1,0
"367","2015 c 2 2 O4 1",2015,"c",2,2,"O4",1,"no",0,0
"368","2015 c 2 2 O4 2",2015,"c",2,2,"O4",2,"no",1,0
"369","2015 c 2 2 O4 3",2015,"c",2,2,"O4",3,"no",1,0
"370","2015 c 2 2 O4 4",2015,"c",2,2,"O4",4,"no",0,0
"371","2015 c 2 2 O4 5",2015,"c",2,2,"O4",5,"no",1,0
"372","2015 c 2 2 O4 6",2015,"c",2,2,"O4",6,"no",0,0
"373","2015 c 2 2 O4 7",2015,"c",2,2,"O4",7,"no",0,0
"374","2015 c 2 2 O4 8",2015,"c",2,2,"O4",8,"no",1,0
"375","2015 c 4 1 C1 1",2015,"c",4,1,"C1",1,"control",3,0
"376","2015 c 4 1 C1 2",2015,"c",4,1,"C1",2,"control",3,0
"377","2015 c 4 1 C1 3",2015,"c",4,1,"C1",3,"control",3,0
"378","2015 c 4 1 C2 1",2015,"c",4,1,"C2",1,"control",2,0
"379","2015 c 4 1 C2 2",2015,"c",4,1,"C2",2,"control",2,0
"380","2015 c 4 1 C2 3",2015,"c",4,1,"C2",3,"control",2,0
"381","2015 c 4 1 D1 1",2015,"c",4,1,"D1",1,"rainout",3,0
"382","2015 c 4 1 D1 2",2015,"c",4,1,"D1",2,"rainout",1,0
"383","2015 c 4 1 D1 3",2015,"c",4,1,"D1",3,"rainout",2,0
"384","2015 c 4 1 D2 1",2015,"c",4,1,"D2",1,"nitrogen",1,0
"385","2015 c 4 1 D2 2",2015,"c",4,1,"D2",2,"nitrogen",3,0
"386","2015 c 4 1 D2 3",2015,"c",4,1,"D2",3,"nitrogen",4,0
"387","2015 c 4 1 D3 1",2015,"c",4,1,"D3",1,"biomass",2,0
"388","2015 c 4 1 D3 2",2015,"c",4,1,"D3",2,"biomass",0,0
"389","2015 c 4 1 D3 3",2015,"c",4,1,"D3",3,"biomass",1,0
"390","2015 c 4 1 D4 1",2015,"c",4,1,"D4",1,"biomass_nitrogen",3,1
"391","2015 c 4 1 D4 2",2015,"c",4,1,"D4",2,"biomass_nitrogen",4,0
"392","2015 c 4 1 D4 3",2015,"c",4,1,"D4",3,"biomass_nitrogen",4,0
"393","2016 a 1 2 C1 1",2016,"a",1,2,"C1",1,"control",0,6
"394","2016 a 1 2 C1 2",2016,"a",1,2,"C1",2,"control",0,6
"395","2016 a 1 2 C1 5",2016,"a",1,2,"C1",5,"control",2,4
"396","2016 a 1 2 C1 8",2016,"a",1,2,"C1",8,"control",0,6
"397","2016 a 1 2 C2 3",2016,"a",1,2,"C2",3,"control",0,6
"398","2016 a 1 2 C2 5",2016,"a",1,2,"C2",5,"control",0,6
"399","2016 a 1 2 C2 7",2016,"a",1,2,"C2",7,"control",0,6
"400","2016 a 1 2 C2 8",2016,"a",1,2,"C2",8,"control",0,6
"401","2016 a 1 2 D1 1",2016,"a",1,2,"D1",1,"nitrogen",0,6
"402","2016 a 1 2 D1 2",2016,"a",1,2,"D1",2,"nitrogen",0,6
"403","2016 a 1 2 D1 3",2016,"a",1,2,"D1",3,"nitrogen",0,5
"404","2016 a 1 2 D1 5",2016,"a",1,2,"D1",5,"nitrogen",0,0
"405","2016 a 1 2 D3 1",2016,"a",1,2,"D3",1,"biomass",1,5.5
"406","2016 a 1 2 D3 2",2016,"a",1,2,"D3",2,"biomass",0,6
"407","2016 a 1 2 D3 4",2016,"a",1,2,"D3",4,"biomass",0,5.5
"408","2016 a 1 2 D3 8",2016,"a",1,2,"D3",8,"biomass",0,5
"409","2016 a 1 2 D4 5",2016,"a",1,2,"D4",5,"biomass_nitrogen",0,6
"410","2016 a 1 2 D4 6",2016,"a",1,2,"D4",6,"biomass_nitrogen",0,6
"411","2016 a 1 2 D4 7",2016,"a",1,2,"D4",7,"biomass_nitrogen",0,5
"412","2016 a 1 2 D4 8",2016,"a",1,2,"D4",8,"biomass_nitrogen",0,6
"413","2016 a 1 2 O1 1",2016,"a",1,2,"O1",1,"no",1,5
"414","2016 a 1 2 O1 2",2016,"a",1,2,"O1",2,"no",0,5
"415","2016 a 1 2 O1 3",2016,"a",1,2,"O1",3,"no",1,5
"416","2016 a 1 2 O1 4",2016,"a",1,2,"O1",4,"no",0,5
"417","2016 a 1 2 O1 5",2016,"a",1,2,"O1",5,"no",0,5
"418","2016 a 1 2 O1 6",2016,"a",1,2,"O1",6,"no",0,6
"419","2016 a 1 2 O1 7",2016,"a",1,2,"O1",7,"no",0,5
"420","2016 a 1 2 O1 8",2016,"a",1,2,"O1",8,"no",0,6
"421","2016 a 1 2 O2 1",2016,"a",1,2,"O2",1,"no",0,5
"422","2016 a 1 2 O2 2",2016,"a",1,2,"O2",2,"no",0,5
"423","2016 a 1 2 O2 3",2016,"a",1,2,"O2",3,"no",0,6
"424","2016 a 1 2 O2 4",2016,"a",1,2,"O2",4,"no",0,6
"425","2016 a 1 2 O2 5",2016,"a",1,2,"O2",5,"no",0,6
"426","2016 a 1 2 O2 6",2016,"a",1,2,"O2",6,"no",0,5
"427","2016 a 1 2 O2 7",2016,"a",1,2,"O2",7,"no",0,6
"428","2016 a 1 2 O2 8",2016,"a",1,2,"O2",8,"no",1,5
"429","2016 a 1 2 O3 1",2016,"a",1,2,"O3",1,"no",1,4
"430","2016 a 1 2 O3 2",2016,"a",1,2,"O3",2,"no",0,5
"431","2016 a 1 2 O3 3",2016,"a",1,2,"O3",3,"no",0,6
"432","2016 a 1 2 O3 4",2016,"a",1,2,"O3",4,"no",0,6
"433","2016 a 1 2 O3 5",2016,"a",1,2,"O3",5,"no",0,6
"434","2016 a 1 2 O3 6",2016,"a",1,2,"O3",6,"no",0,5
"435","2016 a 1 2 O3 7",2016,"a",1,2,"O3",7,"no",0,6
"436","2016 a 1 2 O3 8",2016,"a",1,2,"O3",8,"no",0,6
"437","2016 a 1 2 O4 1",2016,"a",1,2,"O4",1,"no",0,5
"438","2016 a 1 2 O4 2",2016,"a",1,2,"O4",2,"no",1,5
"439","2016 a 1 2 O4 3",2016,"a",1,2,"O4",3,"no",0,5
"440","2016 a 1 2 O4 4",2016,"a",1,2,"O4",4,"no",0,5
"441","2016 a 1 2 O4 5",2016,"a",1,2,"O4",5,"no",0,5
"442","2016 a 1 2 O4 6",2016,"a",1,2,"O4",6,"no",0,6
"443","2016 a 1 2 O4 7",2016,"a",1,2,"O4",7,"no",0,5
"444","2016 a 1 2 O4 8",2016,"a",1,2,"O4",8,"no",0,5
"445","2016 a 3 2 C1 3",2016,"a",3,2,"C1",3,"control",0,6
"446","2016 a 3 2 C1 4",2016,"a",3,2,"C1",4,"control",0,0
"447","2016 a 3 2 C1 5",2016,"a",3,2,"C1",5,"control",0,4
"448","2016 a 3 2 C1 8",2016,"a",3,2,"C1",8,"control",0,5
"449","2016 a 3 2 C2 1",2016,"a",3,2,"C2",1,"control",0,6
"450","2016 a 3 2 C2 4",2016,"a",3,2,"C2",4,"control",0,6
"451","2016 a 3 2 C2 7",2016,"a",3,2,"C2",7,"control",0,5
"452","2016 a 3 2 C2 8",2016,"a",3,2,"C2",8,"control",0,6
"453","2016 a 3 2 D1 1",2016,"a",3,2,"D1",1,"biomass",0,5
"454","2016 a 3 2 D1 4",2016,"a",3,2,"D1",4,"biomass",0,5
"455","2016 a 3 2 D1 5",2016,"a",3,2,"D1",5,"biomass",0,6
"456","2016 a 3 2 D1 6",2016,"a",3,2,"D1",6,"biomass",0,4
"457","2016 a 3 2 D2 1",2016,"a",3,2,"D2",1,"biomass_nitrogen",0,6
"458","2016 a 3 2 D2 2",2016,"a",3,2,"D2",2,"biomass_nitrogen",0,0
"459","2016 a 3 2 D2 4",2016,"a",3,2,"D2",4,"biomass_nitrogen",0,6
"460","2016 a 3 2 D2 6",2016,"a",3,2,"D2",6,"biomass_nitrogen",0,6
"461","2016 a 3 2 D3 3",2016,"a",3,2,"D3",3,"nitrogen",0,6
"462","2016 a 3 2 D3 5",2016,"a",3,2,"D3",5,"nitrogen",0,6
"463","2016 a 3 2 D3 6",2016,"a",3,2,"D3",6,"nitrogen",1,4
"464","2016 a 3 2 D3 7",2016,"a",3,2,"D3",7,"nitrogen",0,5
"465","2016 a 3 2 D4 3",2016,"a",3,2,"D4",3,"rainout",0,6
"466","2016 a 3 2 D4 5",2016,"a",3,2,"D4",5,"rainout",0,5
"467","2016 a 3 2 D4 6",2016,"a",3,2,"D4",6,"rainout",0,6
"468","2016 a 3 2 D4 8",2016,"a",3,2,"D4",8,"rainout",0,6
"469","2016 a 3 2 O1 1",2016,"a",3,2,"O1",1,"no",1,5
"470","2016 a 3 2 O1 2",2016,"a",3,2,"O1",2,"no",0,6
"471","2016 a 3 2 O1 3",2016,"a",3,2,"O1",3,"no",0,6
"472","2016 a 3 2 O1 4",2016,"a",3,2,"O1",4,"no",0,6
"473","2016 a 3 2 O1 5",2016,"a",3,2,"O1",5,"no",0,6
"474","2016 a 3 2 O1 6",2016,"a",3,2,"O1",6,"no",1,5
"475","2016 a 3 2 O1 7",2016,"a",3,2,"O1",7,"no",0,5
"476","2016 a 3 2 O1 8",2016,"a",3,2,"O1",8,"no",0,6
"477","2016 a 3 2 O2 1",2016,"a",3,2,"O2",1,"no",0,5
"478","2016 a 3 2 O2 2",2016,"a",3,2,"O2",2,"no",0,6
"479","2016 a 3 2 O2 3",2016,"a",3,2,"O2",3,"no",0,5
"480","2016 a 3 2 O2 4",2016,"a",3,2,"O2",4,"no",0,4
"481","2016 a 3 2 O2 5",2016,"a",3,2,"O2",5,"no",0,5
"482","2016 a 3 2 O2 6",2016,"a",3,2,"O2",6,"no",0,5
"483","2016 a 3 2 O2 7",2016,"a",3,2,"O2",7,"no",0,6
"484","2016 a 3 2 O2 8",2016,"a",3,2,"O2",8,"no",0,6
"485","2016 a 3 2 O3 1",2016,"a",3,2,"O3",1,"no",0,6
"486","2016 a 3 2 O3 2",2016,"a",3,2,"O3",2,"no",0,6
"487","2016 a 3 2 O3 3",2016,"a",3,2,"O3",3,"no",0,5
"488","2016 a 3 2 O3 4",2016,"a",3,2,"O3",4,"no",0,5
"489","2016 a 3 2 O3 5",2016,"a",3,2,"O3",5,"no",0,6
"490","2016 a 3 2 O3 6",2016,"a",3,2,"O3",6,"no",0,5
"491","2016 a 3 2 O3 7",2016,"a",3,2,"O3",7,"no",0,5
"492","2016 a 3 2 O3 8",2016,"a",3,2,"O3",8,"no",0,5
"493","2016 a 3 2 O4 1",2016,"a",3,2,"O4",1,"no",0,6
"494","2016 a 3 2 O4 2",2016,"a",3,2,"O4",2,"no",0,5
"495","2016 a 3 2 O4 3",2016,"a",3,2,"O4",3,"no",0,6
"496","2016 a 3 2 O4 4",2016,"a",3,2,"O4",4,"no",0,4
"497","2016 a 3 2 O4 5",2016,"a",3,2,"O4",5,"no",0,6
"498","2016 a 3 2 O4 6",2016,"a",3,2,"O4",6,"no",0,6
"499","2016 a 3 2 O4 7",2016,"a",3,2,"O4",7,"no",0,5
"500","2016 a 3 2 O4 8",2016,"a",3,2,"O4",8,"no",0,6
"501","2016 a 4 1 C1 1",2016,"a",4,1,"C1",1,"control",2,4
"502","2016 a 4 1 C1 3",2016,"a",4,1,"C1",3,"control",1,5
"503","2016 a 4 1 C1 5",2016,"a",4,1,"C1",5,"control",0,6
"504","2016 a 4 1 C1 6",2016,"a",4,1,"C1",6,"control",0,6
"505","2016 a 4 1 C2 3",2016,"a",4,1,"C2",3,"control",0,6
"506","2016 a 4 1 C2 4",2016,"a",4,1,"C2",4,"control",0,5
"507","2016 a 4 1 C2 5",2016,"a",4,1,"C2",5,"control",0,5
"508","2016 a 4 1 C2 6",2016,"a",4,1,"C2",6,"control",0,6
"509","2016 a 4 1 D1 1",2016,"a",4,1,"D1",1,"nitrogen",0,6
"510","2016 a 4 1 D1 3",2016,"a",4,1,"D1",3,"nitrogen",0,6
"511","2016 a 4 1 D1 7",2016,"a",4,1,"D1",7,"nitrogen",0,6
"512","2016 a 4 1 D1 8",2016,"a",4,1,"D1",8,"nitrogen",0,6
"513","2016 a 4 1 D2 3",2016,"a",4,1,"D2",3,"rainout",0,6
"514","2016 a 4 1 D2 6",2016,"a",4,1,"D2",6,"rainout",0,6
"515","2016 a 4 1 D2 7",2016,"a",4,1,"D2",7,"rainout",0,5
"516","2016 a 4 1 D2 8",2016,"a",4,1,"D2",8,"rainout",0,6
"517","2016 a 4 1 D3 4",2016,"a",4,1,"D3",4,"biomass_nitrogen",1,4
"518","2016 a 4 1 D3 5",2016,"a",4,1,"D3",5,"biomass_nitrogen",0,6
"519","2016 a 4 1 D3 6",2016,"a",4,1,"D3",6,"biomass_nitrogen",4,3
"520","2016 a 4 1 D3 8",2016,"a",4,1,"D3",8,"biomass_nitrogen",0,6
"521","2016 a 4 1 D4 2",2016,"a",4,1,"D4",2,"biomass",0,6
"522","2016 a 4 1 D4 6",2016,"a",4,1,"D4",6,"biomass",1,5
"523","2016 a 4 1 D4 7",2016,"a",4,1,"D4",7,"biomass",0,6
"524","2016 a 4 1 D4 8",2016,"a",4,1,"D4",8,"biomass",0,6
"525","2016 a 4 1 O1 1",2016,"a",4,1,"O1",1,"no",0,6
"526","2016 a 4 1 O1 2",2016,"a",4,1,"O1",2,"no",0,6
"527","2016 a 4 1 O1 3",2016,"a",4,1,"O1",3,"no",0,6
"528","2016 a 4 1 O1 4",2016,"a",4,1,"O1",4,"no",0,5
"529","2016 a 4 1 O1 5",2016,"a",4,1,"O1",5,"no",0,6
"530","2016 a 4 1 O1 6",2016,"a",4,1,"O1",6,"no",0,6
"531","2016 a 4 1 O1 7",2016,"a",4,1,"O1",7,"no",0,6
"532","2016 a 4 1 O1 8",2016,"a",4,1,"O1",8,"no",0,6
"533","2016 a 4 1 O2 1",2016,"a",4,1,"O2",1,"no",0,6
"534","2016 a 4 1 O2 2",2016,"a",4,1,"O2",2,"no",0,6
"535","2016 a 4 1 O2 3",2016,"a",4,1,"O2",3,"no",0,6
"536","2016 a 4 1 O2 4",2016,"a",4,1,"O2",4,"no",0,6
"537","2016 a 4 1 O2 5",2016,"a",4,1,"O2",5,"no",0,6
"538","2016 a 4 1 O2 6",2016,"a",4,1,"O2",6,"no",0,6
"539","2016 a 4 1 O2 7",2016,"a",4,1,"O2",7,"no",0,6
"540","2016 a 4 1 O2 8",2016,"a",4,1,"O2",8,"no",0,6
"541","2016 a 4 1 O3 1",2016,"a",4,1,"O3",1,"no",0,6
"542","2016 a 4 1 O3 2",2016,"a",4,1,"O3",2,"no",0,4
"543","2016 a 4 1 O3 3",2016,"a",4,1,"O3",3,"no",0,6
"544","2016 a 4 1 O3 4",2016,"a",4,1,"O3",4,"no",0,6
"545","2016 a 4 1 O3 5",2016,"a",4,1,"O3",5,"no",0,6
"546","2016 a 4 1 O3 6",2016,"a",4,1,"O3",6,"no",0,6
"547","2016 a 4 1 O3 7",2016,"a",4,1,"O3",7,"no",2,4
"548","2016 a 4 1 O3 8",2016,"a",4,1,"O3",8,"no",0,6
"549","2016 a 4 1 O4 1",2016,"a",4,1,"O4",1,"no",0,6
"550","2016 a 4 1 O4 2",2016,"a",4,1,"O4",2,"no",0,5
"551","2016 a 4 1 O4 3",2016,"a",4,1,"O4",3,"no",0,5
"552","2016 a 4 1 O4 4",2016,"a",4,1,"O4",4,"no",0,6
"553","2016 a 4 1 O4 5",2016,"a",4,1,"O4",5,"no",0,6
"554","2016 a 4 1 O4 6",2016,"a",4,1,"O4",6,"no",0,6
"555","2016 a 4 1 O4 7",2016,"a",4,1,"O4",7,"no",0,6
"556","2016 a 4 1 O4 8",2016,"a",4,1,"O4",8,"no",0,6
"557","2016 b 2 1 C1 2",2016,"b",2,1,"C1",2,"control",0,5
"558","2016 b 2 1 C1 5",2016,"b",2,1,"C1",5,"control",0,6
"559","2016 b 2 1 C1 6",2016,"b",2,1,"C1",6,"control",0,6
"560","2016 b 2 1 C1 7",2016,"b",2,1,"C1",7,"control",0,6
"561","2016 b 2 1 C2 2",2016,"b",2,1,"C2",2,"control",0,6
"562","2016 b 2 1 C2 5",2016,"b",2,1,"C2",5,"control",0,6
"563","2016 b 2 1 C2 7",2016,"b",2,1,"C2",7,"control",0,6
"564","2016 b 2 1 C2 8",2016,"b",2,1,"C2",8,"control",0,6
"565","2016 b 2 1 D1 1",2016,"b",2,1,"D1",1,"biomass",0,6
"566","2016 b 2 1 D1 4",2016,"b",2,1,"D1",4,"biomass",0,6
"567","2016 b 2 1 D1 7",2016,"b",2,1,"D1",7,"biomass",0,6
"568","2016 b 2 1 D1 8",2016,"b",2,1,"D1",8,"biomass",0,6
"569","2016 b 2 1 D2 1",2016,"b",2,1,"D2",1,"biomass_nitrogen",0,6
"570","2016 b 2 1 D2 5",2016,"b",2,1,"D2",5,"biomass_nitrogen",0,6
"571","2016 b 2 1 D2 6",2016,"b",2,1,"D2",6,"biomass_nitrogen",0,6
"572","2016 b 2 1 D2 8",2016,"b",2,1,"D2",8,"biomass_nitrogen",0,5
"573","2016 b 2 1 D3 2",2016,"b",2,1,"D3",2,"nitrogen",0,6
"574","2016 b 2 1 D3 4",2016,"b",2,1,"D3",4,"nitrogen",0,6
"575","2016 b 2 1 D3 5",2016,"b",2,1,"D3",5,"nitrogen",0,6
"576","2016 b 2 1 D3 8",2016,"b",2,1,"D3",8,"nitrogen",0,6
"577","2016 b 2 1 D4 3",2016,"b",2,1,"D4",3,"rainout",0,6
"578","2016 b 2 1 D4 5",2016,"b",2,1,"D4",5,"rainout",1,5
"579","2016 b 2 1 D4 6",2016,"b",2,1,"D4",6,"rainout",0,6
"580","2016 b 2 1 D4 7",2016,"b",2,1,"D4",7,"rainout",1,5
"581","2016 b 2 1 O1 1",2016,"b",2,1,"O1",1,"no",0,6
"582","2016 b 2 1 O1 2",2016,"b",2,1,"O1",2,"no",0,6
"583","2016 b 2 1 O1 3",2016,"b",2,1,"O1",3,"no",0,6
"584","2016 b 2 1 O1 4",2016,"b",2,1,"O1",4,"no",0,6
"585","2016 b 2 1 O1 5",2016,"b",2,1,"O1",5,"no",0,6
"586","2016 b 2 1 O1 6",2016,"b",2,1,"O1",6,"no",0,6
"587","2016 b 2 1 O1 7",2016,"b",2,1,"O1",7,"no",0,6
"588","2016 b 2 1 O1 8",2016,"b",2,1,"O1",8,"no",0,6
"589","2016 b 2 1 O2 1",2016,"b",2,1,"O2",1,"no",0,6
"590","2016 b 2 1 O2 2",2016,"b",2,1,"O2",2,"no",0,6
"591","2016 b 2 1 O2 3",2016,"b",2,1,"O2",3,"no",0,6
"592","2016 b 2 1 O2 4",2016,"b",2,1,"O2",4,"no",0,6
"593","2016 b 2 1 O2 5",2016,"b",2,1,"O2",5,"no",0,6
"594","2016 b 2 1 O2 6",2016,"b",2,1,"O2",6,"no",0,6
"595","2016 b 2 1 O2 7",2016,"b",2,1,"O2",7,"no",0,5
"596","2016 b 2 1 O2 8",2016,"b",2,1,"O2",8,"no",0,6
"597","2016 b 2 1 O3 1",2016,"b",2,1,"O3",1,"no",0,5
"598","2016 b 2 1 O3 2",2016,"b",2,1,"O3",2,"no",0,6
"599","2016 b 2 1 O3 3",2016,"b",2,1,"O3",3,"no",0,6
"600","2016 b 2 1 O3 4",2016,"b",2,1,"O3",4,"no",0,6
"601","2016 b 2 1 O3 5",2016,"b",2,1,"O3",5,"no",0,6
"602","2016 b 2 1 O3 6",2016,"b",2,1,"O3",6,"no",0,6
"603","2016 b 2 1 O3 7",2016,"b",2,1,"O3",7,"no",0,6
"604","2016 b 2 1 O3 8",2016,"b",2,1,"O3",8,"no",0,6
"605","2016 b 2 1 O4 1",2016,"b",2,1,"O4",1,"no",0,6
"606","2016 b 2 1 O4 2",2016,"b",2,1,"O4",2,"no",0,6
"607","2016 b 2 1 O4 3",2016,"b",2,1,"O4",3,"no",0,6
"608","2016 b 2 1 O4 4",2016,"b",2,1,"O4",4,"no",0,6
"609","2016 b 2 1 O4 5",2016,"b",2,1,"O4",5,"no",0,6
"610","2016 b 2 1 O4 6",2016,"b",2,1,"O4",6,"no",0,5
"611","2016 b 2 1 O4 7",2016,"b",2,1,"O4",7,"no",0,6
"612","2016 b 2 1 O4 8",2016,"b",2,1,"O4",8,"no",0,6
"613","2016 b 4 2 C1 2",2016,"b",4,2,"C1",2,"control",0,6
"614","2016 b 4 2 C1 5",2016,"b",4,2,"C1",5,"control",0,6
"615","2016 b 4 2 C1 6",2016,"b",4,2,"C1",6,"control",0,6
"616","2016 b 4 2 C1 7",2016,"b",4,2,"C1",7,"control",0,6
"617","2016 b 4 2 C2 1",2016,"b",4,2,"C2",1,"control",0,6
"618","2016 b 4 2 C2 2",2016,"b",4,2,"C2",2,"control",0,0
"619","2016 b 4 2 C2 3",2016,"b",4,2,"C2",3,"control",0,6
"620","2016 b 4 2 C2 7",2016,"b",4,2,"C2",7,"control",0,6
"621","2016 b 4 2 D1 3",2016,"b",4,2,"D1",3,"rainout",0,6
"622","2016 b 4 2 D1 4",2016,"b",4,2,"D1",4,"rainout",0,5
"623","2016 b 4 2 D1 5",2016,"b",4,2,"D1",5,"rainout",0,6
"624","2016 b 4 2 D1 7",2016,"b",4,2,"D1",7,"rainout",0,5
"625","2016 b 4 2 D2 1",2016,"b",4,2,"D2",1,"nitrogen",0,5
"626","2016 b 4 2 D2 4",2016,"b",4,2,"D2",4,"nitrogen",1,4
"627","2016 b 4 2 D2 6",2016,"b",4,2,"D2",6,"nitrogen",0,6
"628","2016 b 4 2 D2 7",2016,"b",4,2,"D2",7,"nitrogen",0,6
"629","2016 b 4 2 D3 5",2016,"b",4,2,"D3",5,"biomass_nitrogen",0,5
"630","2016 b 4 2 D3 7",2016,"b",4,2,"D3",7,"biomass_nitrogen",0,5
"631","2016 b 4 2 D3 8",2016,"b",4,2,"D3",8,"biomass_nitrogen",0,4
"632","2016 b 4 2 D4 4",2016,"b",4,2,"D4",4,"biomass",0,6
"633","2016 b 4 2 D4 6",2016,"b",4,2,"D4",6,"biomass",0,6
"634","2016 b 4 2 O1 1",2016,"b",4,2,"O1",1,"no",0,6
"635","2016 b 4 2 O1 2",2016,"b",4,2,"O1",2,"no",0,6
"636","2016 b 4 2 O1 3",2016,"b",4,2,"O1",3,"no",0,6
"637","2016 b 4 2 O1 4",2016,"b",4,2,"O1",4,"no",0,6
"638","2016 b 4 2 O1 5",2016,"b",4,2,"O1",5,"no",0,6
"639","2016 b 4 2 O1 6",2016,"b",4,2,"O1",6,"no",0,6
"640","2016 b 4 2 O1 7",2016,"b",4,2,"O1",7,"no",0,6
"641","2016 b 4 2 O1 8",2016,"b",4,2,"O1",8,"no",0,4
"642","2016 b 4 2 O2 1",2016,"b",4,2,"O2",1,"no",1,5
"643","2016 b 4 2 O2 2",2016,"b",4,2,"O2",2,"no",0,6
"644","2016 b 4 2 O2 3",2016,"b",4,2,"O2",3,"no",1,5
"645","2016 b 4 2 O2 4",2016,"b",4,2,"O2",4,"no",0,4
"646","2016 b 4 2 O2 5",2016,"b",4,2,"O2",5,"no",1,5
"647","2016 b 4 2 O2 6",2016,"b",4,2,"O2",6,"no",0,6
"648","2016 b 4 2 O2 7",2016,"b",4,2,"O2",7,"no",0,5
"649","2016 b 4 2 O2 8",2016,"b",4,2,"O2",8,"no",1,0
"650","2016 b 4 2 O3 1",2016,"b",4,2,"O3",1,"no",0,4
"651","2016 b 4 2 O3 2",2016,"b",4,2,"O3",2,"no",2,4
"652","2016 b 4 2 O3 3",2016,"b",4,2,"O3",3,"no",0,5
"653","2016 b 4 2 O3 4",2016,"b",4,2,"O3",4,"no",0,6
"654","2016 b 4 2 O3 5",2016,"b",4,2,"O3",5,"no",0,6
"655","2016 b 4 2 O3 6",2016,"b",4,2,"O3",6,"no",0,5
"656","2016 b 4 2 O3 7",2016,"b",4,2,"O3",7,"no",0,6
"657","2016 b 4 2 O3 8",2016,"b",4,2,"O3",8,"no",0,6
"658","2016 b 4 2 O4 1",2016,"b",4,2,"O4",1,"no",0,6
"659","2016 b 4 2 O4 2",2016,"b",4,2,"O4",2,"no",1,4
"660","2016 b 4 2 O4 3",2016,"b",4,2,"O4",3,"no",0,6
"661","2016 b 4 2 O4 4",2016,"b",4,2,"O4",4,"no",1,4
"662","2016 b 4 2 O4 5",2016,"b",4,2,"O4",5,"no",0,5
"663","2016 b 4 2 O4 6",2016,"b",4,2,"O4",6,"no",0,6
"664","2016 b 4 2 O4 7",2016,"b",4,2,"O4",7,"no",0,6
"665","2016 b 4 2 O4 8",2016,"b",4,2,"O4",8,"no",1,4
"666","2016 c 1 1 C1 2",2016,"c",1,1,"C1",2,"control",1,5
"667","2016 c 1 1 C1 5",2016,"c",1,1,"C1",5,"control",0,5
"668","2016 c 1 1 C1 7",2016,"c",1,1,"C1",7,"control",0,4
"669","2016 c 1 1 C1 8",2016,"c",1,1,"C1",8,"control",0,5
"670","2016 c 1 1 C2 2",2016,"c",1,1,"C2",2,"control",0,4
"671","2016 c 1 1 C2 3",2016,"c",1,1,"C2",3,"control",0,5
"672","2016 c 1 1 C2 4",2016,"c",1,1,"C2",4,"control",0,6
"673","2016 c 1 1 C2 5",2016,"c",1,1,"C2",5,"control",0,5
"674","2016 c 1 1 D1 1",2016,"c",1,1,"D1",1,"biomass",0,5
"675","2016 c 1 1 D1 2",2016,"c",1,1,"D1",2,"biomass",0,6
"676","2016 c 1 1 D1 3",2016,"c",1,1,"D1",3,"biomass",2,4
"677","2016 c 1 1 D1 7",2016,"c",1,1,"D1",7,"biomass",0,6
"678","2016 c 1 1 D2 1",2016,"c",1,1,"D2",1,"nitrogen",0,6
"679","2016 c 1 1 D2 3",2016,"c",1,1,"D2",3,"nitrogen",0,6
"680","2016 c 1 1 D2 4",2016,"c",1,1,"D2",4,"nitrogen",1,5
"681","2016 c 1 1 D2 8",2016,"c",1,1,"D2",8,"nitrogen",0,6
"682","2016 c 1 1 D3 1",2016,"c",1,1,"D3",1,"biomass_nitrogen",0,6
"683","2016 c 1 1 D3 4",2016,"c",1,1,"D3",4,"biomass_nitrogen",1,5
"684","2016 c 1 1 D3 7",2016,"c",1,1,"D3",7,"biomass_nitrogen",0,6
"685","2016 c 1 1 D3 8",2016,"c",1,1,"D3",8,"biomass_nitrogen",0,6
"686","2016 c 1 1 D4 1",2016,"c",1,1,"D4",1,"rainout",0,5
"687","2016 c 1 1 D4 2",2016,"c",1,1,"D4",2,"rainout",1,5
"688","2016 c 1 1 D4 3",2016,"c",1,1,"D4",3,"rainout",0,6
"689","2016 c 1 1 D4 5",2016,"c",1,1,"D4",5,"rainout",0,6
"690","2016 c 1 1 O1 1",2016,"c",1,1,"O1",1,"no",0,5
"691","2016 c 1 1 O1 2",2016,"c",1,1,"O1",2,"no",0,5
"692","2016 c 1 1 O1 3",2016,"c",1,1,"O1",3,"no",0,5
"693","2016 c 1 1 O1 4",2016,"c",1,1,"O1",4,"no",0,5
"694","2016 c 1 1 O1 5",2016,"c",1,1,"O1",5,"no",0,6
"695","2016 c 1 1 O1 6",2016,"c",1,1,"O1",6,"no",0,5
"696","2016 c 1 1 O1 7",2016,"c",1,1,"O1",7,"no",0,6
"697","2016 c 1 1 O1 8",2016,"c",1,1,"O1",8,"no",0,6
"698","2016 c 1 1 O2 1",2016,"c",1,1,"O2",1,"no",0,5
"699","2016 c 1 1 O2 2",2016,"c",1,1,"O2",2,"no",0,4
"700","2016 c 1 1 O2 3",2016,"c",1,1,"O2",3,"no",0,5
"701","2016 c 1 1 O2 4",2016,"c",1,1,"O2",4,"no",0,5
"702","2016 c 1 1 O2 5",2016,"c",1,1,"O2",5,"no",0,6
"703","2016 c 1 1 O2 6",2016,"c",1,1,"O2",6,"no",0,5
"704","2016 c 1 1 O2 7",2016,"c",1,1,"O2",7,"no",0,6
"705","2016 c 1 1 O2 8",2016,"c",1,1,"O2",8,"no",0,6
"706","2016 c 1 1 O3 1",2016,"c",1,1,"O3",1,"no",0,5
"707","2016 c 1 1 O3 2",2016,"c",1,1,"O3",2,"no",0,5
"708","2016 c 1 1 O3 3",2016,"c",1,1,"O3",3,"no",0,6
"709","2016 c 1 1 O3 4",2016,"c",1,1,"O3",4,"no",0,6
"710","2016 c 1 1 O3 5",2016,"c",1,1,"O3",5,"no",0,5
"711","2016 c 1 1 O3 6",2016,"c",1,1,"O3",6,"no",0,6
"712","2016 c 1 1 O3 7",2016,"c",1,1,"O3",7,"no",0,6
"713","2016 c 1 1 O3 8",2016,"c",1,1,"O3",8,"no",0,5
"714","2016 c 1 1 O4 1",2016,"c",1,1,"O4",1,"no",0,6
"715","2016 c 1 1 O4 2",2016,"c",1,1,"O4",2,"no",0,6
"716","2016 c 1 1 O4 3",2016,"c",1,1,"O4",3,"no",0,6
"717","2016 c 1 1 O4 4",2016,"c",1,1,"O4",4,"no",0,5
"718","2016 c 1 1 O4 5",2016,"c",1,1,"O4",5,"no",0,6
"719","2016 c 1 1 O4 6",2016,"c",1,1,"O4",6,"no",0,6
"720","2016 c 1 1 O4 7",2016,"c",1,1,"O4",7,"no",0,5
"721","2016 c 1 1 O4 8",2016,"c",1,1,"O4",8,"no",0,6
"722","2016 c 2 2 C1 3",2016,"c",2,2,"C1",3,"control",0,6
"723","2016 c 2 2 C1 4",2016,"c",2,2,"C1",4,"control",0,6
"724","2016 c 2 2 C1 5",2016,"c",2,2,"C1",5,"control",0,6
"725","2016 c 2 2 C1 8",2016,"c",2,2,"C1",8,"control",0,6
"726","2016 c 2 2 C2 1",2016,"c",2,2,"C2",1,"control",0,6
"727","2016 c 2 2 C2 3",2016,"c",2,2,"C2",3,"control",0,6
"728","2016 c 2 2 C2 7",2016,"c",2,2,"C2",7,"control",0,5
"729","2016 c 2 2 C2 8",2016,"c",2,2,"C2",8,"control",0,6
"730","2016 c 2 2 D1 1",2016,"c",2,2,"D1",1,"biomass_nitrogen",0,5
"731","2016 c 2 2 D1 3",2016,"c",2,2,"D1",3,"biomass_nitrogen",0,6
"732","2016 c 2 2 D1 4",2016,"c",2,2,"D1",4,"biomass_nitrogen",0,6
"733","2016 c 2 2 D1 7",2016,"c",2,2,"D1",7,"biomass_nitrogen",0,6
"734","2016 c 2 2 D2 2",2016,"c",2,2,"D2",2,"biomass",0,5
"735","2016 c 2 2 D2 6",2016,"c",2,2,"D2",6,"biomass",0,5
"736","2016 c 2 2 D2 7",2016,"c",2,2,"D2",7,"biomass",0,6
"737","2016 c 2 2 D2 8",2016,"c",2,2,"D2",8,"biomass",0,5
"738","2016 c 2 2 D3 1",2016,"c",2,2,"D3",1,"nitrogen",0,5
"739","2016 c 2 2 D3 2",2016,"c",2,2,"D3",2,"nitrogen",0,5
"740","2016 c 2 2 D3 6",2016,"c",2,2,"D3",6,"nitrogen",0,5
"741","2016 c 2 2 D3 7",2016,"c",2,2,"D3",7,"nitrogen",0,6
"742","2016 c 2 2 D4 2",2016,"c",2,2,"D4",2,"rainout",0,4
"743","2016 c 2 2 D4 3",2016,"c",2,2,"D4",3,"rainout",0,5
"744","2016 c 2 2 D4 5",2016,"c",2,2,"D4",5,"rainout",0,5
"745","2016 c 2 2 D4 8",2016,"c",2,2,"D4",8,"rainout",0,6
"746","2016 c 2 2 O1 3",2016,"c",2,2,"O1",3,"no",0,5
"747","2016 c 2 2 O1 4",2016,"c",2,2,"O1",4,"no",0,5
"748","2016 c 2 2 O1 5",2016,"c",2,2,"O1",5,"no",0,6
"749","2016 c 2 2 O1 6",2016,"c",2,2,"O1",6,"no",0,5
"750","2016 c 2 2 O1 7",2016,"c",2,2,"O1",7,"no",0,5
"751","2016 c 2 2 O1 8",2016,"c",2,2,"O1",8,"no",1,5
"752","2016 c 2 2 O2 1",2016,"c",2,2,"O2",1,"no",0,5
"753","2016 c 2 2 O2 2",2016,"c",2,2,"O2",2,"no",0,6
"754","2016 c 2 2 O2 3",2016,"c",2,2,"O2",3,"no",0,5
"755","2016 c 2 2 O2 4",2016,"c",2,2,"O2",4,"no",0,5
"756","2016 c 2 2 O2 5",2016,"c",2,2,"O2",5,"no",0,6
"757","2016 c 2 2 O2 6",2016,"c",2,2,"O2",6,"no",0,6
"758","2016 c 2 2 O2 7",2016,"c",2,2,"O2",7,"no",0,6
"759","2016 c 2 2 O2 8",2016,"c",2,2,"O2",8,"no",0,6
"760","2016 c 2 2 O3 1",2016,"c",2,2,"O3",1,"no",0,5
"761","2016 c 2 2 O3 2",2016,"c",2,2,"O3",2,"no",0,5
"762","2016 c 2 2 O3 3",2016,"c",2,2,"O3",3,"no",0,6
"763","2016 c 2 2 O3 4",2016,"c",2,2,"O3",4,"no",0,6
"764","2016 c 2 2 O3 5",2016,"c",2,2,"O3",5,"no",0,6
"765","2016 c 2 2 O3 6",2016,"c",2,2,"O3",6,"no",0,6
"766","2016 c 2 2 O3 7",2016,"c",2,2,"O3",7,"no",0,6
"767","2016 c 2 2 O3 8",2016,"c",2,2,"O3",8,"no",0,6
"768","2016 c 2 2 O4 1",2016,"c",2,2,"O4",1,"no",0,6
"769","2016 c 2 2 O4 2",2016,"c",2,2,"O4",2,"no",0,5
"770","2016 c 2 2 O4 3",2016,"c",2,2,"O4",3,"no",0,5
"771","2016 c 2 2 O4 4",2016,"c",2,2,"O4",4,"no",0,6
"772","2016 c 2 2 O4 5",2016,"c",2,2,"O4",5,"no",0,6
"773","2016 c 2 2 O4 6",2016,"c",2,2,"O4",6,"no",0,6
"774","2016 c 2 2 O4 7",2016,"c",2,2,"O4",7,"no",0,5
"775","2016 c 2 2 O4 8",2016,"c",2,2,"O4",8,"no",0,5
"776","2016 c 4 1 C1 1",2016,"c",4,1,"C1",1,"control",0,6
"777","2016 c 4 1 C1 2",2016,"c",4,1,"C1",2,"control",0,6
"778","2016 c 4 1 C1 6",2016,"c",4,1,"C1",6,"control",0,6
"779","2016 c 4 1 C1 7",2016,"c",4,1,"C1",7,"control",0,5
"780","2016 c 4 1 C2 1",2016,"c",4,1,"C2",1,"control",0,6
"781","2016 c 4 1 C2 3",2016,"c",4,1,"C2",3,"control",0,6
"782","2016 c 4 1 C2 5",2016,"c",4,1,"C2",5,"control",0,6
"783","2016 c 4 1 C2 7",2016,"c",4,1,"C2",7,"control",0,6
"784","2016 c 4 1 D1 3",2016,"c",4,1,"D1",3,"rainout",1,5
"785","2016 c 4 1 D1 4",2016,"c",4,1,"D1",4,"rainout",1,5
"786","2016 c 4 1 D1 5",2016,"c",4,1,"D1",5,"rainout",0,5
"787","2016 c 4 1 D1 8",2016,"c",4,1,"D1",8,"rainout",0,6
"788","2016 c 4 1 D2 2",2016,"c",4,1,"D2",2,"nitrogen",0,6
"789","2016 c 4 1 D2 3",2016,"c",4,1,"D2",3,"nitrogen",0,6
"790","2016 c 4 1 D2 5",2016,"c",4,1,"D2",5,"nitrogen",0,6
"791","2016 c 4 1 D2 7",2016,"c",4,1,"D2",7,"nitrogen",0,6
"792","2016 c 4 1 D3 2",2016,"c",4,1,"D3",2,"biomass",0,6
"793","2016 c 4 1 D3 4",2016,"c",4,1,"D3",4,"biomass",0,6
"794","2016 c 4 1 D3 6",2016,"c",4,1,"D3",6,"biomass",0,6
"795","2016 c 4 1 D3 7",2016,"c",4,1,"D3",7,"biomass",0,5
"796","2016 c 4 1 D4 1",2016,"c",4,1,"D4",1,"biomass_nitrogen",0,6
"797","2016 c 4 1 D4 2",2016,"c",4,1,"D4",2,"biomass_nitrogen",0,5
"798","2016 c 4 1 D4 5",2016,"c",4,1,"D4",5,"biomass_nitrogen",2,4
"799","2016 c 4 1 D4 6",2016,"c",4,1,"D4",6,"biomass_nitrogen",1,4
"800","2016 c 4 1 O1 1",2016,"c",4,1,"O1",1,"no",0,5
"801","2016 c 4 1 O1 2",2016,"c",4,1,"O1",2,"no",0,6
"802","2016 c 4 1 O1 3",2016,"c",4,1,"O1",3,"no",0,6
"803","2016 c 4 1 O1 4",2016,"c",4,1,"O1",4,"no",0,6
"804","2016 c 4 1 O1 5",2016,"c",4,1,"O1",5,"no",0,5
"805","2016 c 4 1 O1 6",2016,"c",4,1,"O1",6,"no",0,6
"806","2016 c 4 1 O1 7",2016,"c",4,1,"O1",7,"no",0,5
"807","2016 c 4 1 O1 8",2016,"c",4,1,"O1",8,"no",3,3
"808","2016 c 4 1 O2 1",2016,"c",4,1,"O2",1,"no",0,6
"809","2016 c 4 1 O2 2",2016,"c",4,1,"O2",2,"no",0,6
"810","2016 c 4 1 O2 3",2016,"c",4,1,"O2",3,"no",0,6
"811","2016 c 4 1 O2 4",2016,"c",4,1,"O2",4,"no",0,6
"812","2016 c 4 1 O2 5",2016,"c",4,1,"O2",5,"no",0,6
"813","2016 c 4 1 O2 6",2016,"c",4,1,"O2",6,"no",0,6
"814","2016 c 4 1 O3 1",2016,"c",4,1,"O3",1,"no",0,5
"815","2016 c 4 1 O3 2",2016,"c",4,1,"O3",2,"no",0,6
"816","2016 c 4 1 O3 3",2016,"c",4,1,"O3",3,"no",0,6
"817","2016 c 4 1 O3 4",2016,"c",4,1,"O3",4,"no",0,5
"818","2016 c 4 1 O3 5",2016,"c",4,1,"O3",5,"no",0,6
"819","2016 c 4 1 O3 6",2016,"c",4,1,"O3",6,"no",0,6
"820","2016 c 4 1 O3 7",2016,"c",4,1,"O3",7,"no",0,6
"821","2016 c 4 1 O3 8",2016,"c",4,1,"O3",8,"no",0,6
"822","2016 c 4 1 O4 1",2016,"c",4,1,"O4",1,"no",0,6
"823","2016 c 4 1 O4 2",2016,"c",4,1,"O4",2,"no",0,6
"824","2016 c 4 1 O4 3",2016,"c",4,1,"O4",3,"no",0,6
"825","2016 c 4 1 O4 4",2016,"c",4,1,"O4",4,"no",0,6
"826","2016 c 4 1 O4 5",2016,"c",4,1,"O4",5,"no",0,6
"827","2016 c 4 1 O4 6",2016,"c",4,1,"O4",6,"no",0,6
"828","2016 c 4 1 O4 7",2016,"c",4,1,"O4",7,"no",0,6
"829","2016 c 4 1 O4 8",2016,"c",4,1,"O4",8,"no",0,5
